draftClass	name	rank	overallRank	year	outcomeSeason	cutoff	trainingMaxSeason	replacementMaxSeason	baselineN	model	strength	event	probability	baseline
2026	Fernando Mendoza	1	2	1	2026	2026	2025	2025	48	CURRENT		POSITIVE_VOR	0.2776481481481482	0.22916666666666666
2026	Fernando Mendoza	1	2	1	2026	2026	2025	2025	48	FREQUENCY	0.0	POSITIVE_VOR	0.22916666666666666	0.22916666666666666
2026	Fernando Mendoza	1	2	1	2026	2026	2025	2025	48	NESTED	0.25	POSITIVE_VOR	0.27999316967164883	0.22916666666666666
2026	Fernando Mendoza	1	2	1	2026	2026	2025	2025	48	CURRENT		VOR_26	0.13822222222222236	0.10416666666666667
2026	Fernando Mendoza	1	2	1	2026	2026	2025	2025	48	FREQUENCY	0.0	VOR_26	0.10416666666666667	0.10416666666666667
2026	Fernando Mendoza	1	2	1	2026	2026	2025	2025	48	NESTED	0.25	VOR_26	0.12484544380856262	0.10416666666666667
2026	Fernando Mendoza	1	2	2	2027	2026	2025	2025	41	CURRENT		POSITIVE_VOR	0.4808125000000002	0.3902439024390244
2026	Fernando Mendoza	1	2	2	2027	2026	2025	2025	41	FREQUENCY	0.0	POSITIVE_VOR	0.3902439024390244	0.3902439024390244
2026	Fernando Mendoza	1	2	2	2027	2026	2025	2025	41	NESTED	0.25	POSITIVE_VOR	0.4325291848359788	0.3902439024390244
2026	Fernando Mendoza	1	2	2	2027	2026	2025	2025	41	CURRENT		VOR_26	0.3631875000000001	0.3170731707317073
2026	Fernando Mendoza	1	2	2	2027	2026	2025	2025	41	FREQUENCY	0.0	VOR_26	0.3170731707317073	0.3170731707317073
2026	Fernando Mendoza	1	2	2	2027	2026	2025	2025	41	NESTED	0.25	VOR_26	0.34938438157390944	0.3170731707317073
2026	Fernando Mendoza	1	2	3	2028	2026	2025	2025	34	CURRENT		POSITIVE_VOR	0.29135714285714304	0.35294117647058826
2026	Fernando Mendoza	1	2	3	2028	2026	2025	2025	34	FREQUENCY	0.0	POSITIVE_VOR	0.35294117647058826	0.35294117647058826
2026	Fernando Mendoza	1	2	3	2028	2026	2025	2025	34	NESTED	0.25	POSITIVE_VOR	0.4162763169776079	0.35294117647058826
2026	Fernando Mendoza	1	2	3	2028	2026	2025	2025	34	CURRENT		VOR_26	0.2309761904761907	0.20588235294117646
2026	Fernando Mendoza	1	2	3	2028	2026	2025	2025	34	FREQUENCY	0.0	VOR_26	0.20588235294117646	0.20588235294117646
2026	Fernando Mendoza	1	2	3	2028	2026	2025	2025	34	NESTED	0.25	VOR_26	0.2404784712880529	0.20588235294117646
2026	Fernando Mendoza	1	2	4	2029	2026	2025	2025	29	CURRENT		POSITIVE_VOR	0.31891666666666685	0.3793103448275862
2026	Fernando Mendoza	1	2	4	2029	2026	2025	2025	29	FREQUENCY	0.0	POSITIVE_VOR	0.3793103448275862	0.3793103448275862
2026	Fernando Mendoza	1	2	4	2029	2026	2025	2025	29	NESTED	0.25	POSITIVE_VOR	0.3802609499214214	0.3793103448275862
2026	Fernando Mendoza	1	2	4	2029	2026	2025	2025	29	CURRENT		VOR_26	0.1974999999999998	0.2413793103448276
2026	Fernando Mendoza	1	2	4	2029	2026	2025	2025	29	FREQUENCY	0.0	VOR_26	0.2413793103448276	0.2413793103448276
2026	Fernando Mendoza	1	2	4	2029	2026	2025	2025	29	NESTED	0.25	VOR_26	0.23317123144185245	0.2413793103448276
2026	Fernando Mendoza	1	2	5	2030	2026	2025	2025	25	CURRENT		POSITIVE_VOR	0.3194666666666668	0.36
2026	Fernando Mendoza	1	2	5	2030	2026	2025	2025	25	FREQUENCY	0.0	POSITIVE_VOR	0.36	0.36
2026	Fernando Mendoza	1	2	5	2030	2026	2025	2025	25	NESTED	0.25	POSITIVE_VOR	0.40372353236278713	0.36
2026	Fernando Mendoza	1	2	5	2030	2026	2025	2025	25	CURRENT		VOR_26	0.22153333333333317	0.2
2026	Fernando Mendoza	1	2	5	2030	2026	2025	2025	25	FREQUENCY	0.0	VOR_26	0.2	0.2
2026	Fernando Mendoza	1	2	5	2030	2026	2025	2025	25	NESTED	0.25	VOR_26	0.20656493255867847	0.2
2026	Ty Simpson	2	8	1	2026	2026	2025	2025	48	CURRENT		POSITIVE_VOR	0.26498412698412654	0.22916666666666666
2026	Ty Simpson	2	8	1	2026	2026	2025	2025	48	FREQUENCY	0.0	POSITIVE_VOR	0.22916666666666666	0.22916666666666666
2026	Ty Simpson	2	8	1	2026	2026	2025	2025	48	NESTED	0.25	POSITIVE_VOR	0.24220504222940573	0.22916666666666666
2026	Ty Simpson	2	8	1	2026	2026	2025	2025	48	CURRENT		VOR_26	0.11934920634920639	0.10416666666666667
2026	Ty Simpson	2	8	1	2026	2026	2025	2025	48	FREQUENCY	0.0	VOR_26	0.10416666666666667	0.10416666666666667
2026	Ty Simpson	2	8	1	2026	2026	2025	2025	48	NESTED	0.25	VOR_26	0.113995442991072	0.10416666666666667
2026	Ty Simpson	2	8	2	2027	2026	2025	2025	41	CURRENT		POSITIVE_VOR	0.36714285714285727	0.3902439024390244
2026	Ty Simpson	2	8	2	2027	2026	2025	2025	41	FREQUENCY	0.0	POSITIVE_VOR	0.3902439024390244	0.3902439024390244
2026	Ty Simpson	2	8	2	2027	2026	2025	2025	41	NESTED	0.25	POSITIVE_VOR	0.4123422868507064	0.3902439024390244
2026	Ty Simpson	2	8	2	2027	2026	2025	2025	41	CURRENT		VOR_26	0.2674285714285718	0.3170731707317073
2026	Ty Simpson	2	8	2	2027	2026	2025	2025	41	FREQUENCY	0.0	VOR_26	0.3170731707317073	0.3170731707317073
2026	Ty Simpson	2	8	2	2027	2026	2025	2025	41	NESTED	0.25	VOR_26	0.33286874792393134	0.3170731707317073
2026	Ty Simpson	2	8	3	2028	2026	2025	2025	34	CURRENT		POSITIVE_VOR	0.233326530612245	0.35294117647058826
2026	Ty Simpson	2	8	3	2028	2026	2025	2025	34	FREQUENCY	0.0	POSITIVE_VOR	0.35294117647058826	0.35294117647058826
2026	Ty Simpson	2	8	3	2028	2026	2025	2025	34	NESTED	0.25	POSITIVE_VOR	0.38295839996660486	0.35294117647058826
2026	Ty Simpson	2	8	3	2028	2026	2025	2025	34	CURRENT		VOR_26	0.14348979591836747	0.20588235294117646
2026	Ty Simpson	2	8	3	2028	2026	2025	2025	34	FREQUENCY	0.0	VOR_26	0.20588235294117646	0.20588235294117646
2026	Ty Simpson	2	8	3	2028	2026	2025	2025	34	NESTED	0.25	VOR_26	0.2144715236669052	0.20588235294117646
2026	Ty Simpson	2	8	4	2029	2026	2025	2025	29	CURRENT		POSITIVE_VOR	0.2604285714285716	0.3793103448275862
2026	Ty Simpson	2	8	4	2029	2026	2025	2025	29	FREQUENCY	0.0	POSITIVE_VOR	0.3793103448275862	0.3793103448275862
2026	Ty Simpson	2	8	4	2029	2026	2025	2025	29	NESTED	0.25	POSITIVE_VOR	0.3956389704588633	0.3793103448275862
2026	Ty Simpson	2	8	4	2029	2026	2025	2025	29	CURRENT		VOR_26	0.16216666666666676	0.2413793103448276
2026	Ty Simpson	2	8	4	2029	2026	2025	2025	29	FREQUENCY	0.0	VOR_26	0.2413793103448276	0.2413793103448276
2026	Ty Simpson	2	8	4	2029	2026	2025	2025	29	NESTED	0.25	VOR_26	0.24610903569009956	0.2413793103448276
2026	Ty Simpson	2	8	5	2030	2026	2025	2025	25	CURRENT		POSITIVE_VOR	0.2553714285714287	0.36
2026	Ty Simpson	2	8	5	2030	2026	2025	2025	25	FREQUENCY	0.0	POSITIVE_VOR	0.36	0.36
2026	Ty Simpson	2	8	5	2030	2026	2025	2025	25	NESTED	0.25	POSITIVE_VOR	0.38367616271671906	0.36
2026	Ty Simpson	2	8	5	2030	2026	2025	2025	25	CURRENT		VOR_26	0.17142857142857162	0.2
2026	Ty Simpson	2	8	5	2030	2026	2025	2025	25	FREQUENCY	0.0	VOR_26	0.2	0.2
2026	Ty Simpson	2	8	5	2030	2026	2025	2025	25	NESTED	0.25	VOR_26	0.21465081658700622	0.2
2026	Carson Beck	3	21	1	2026	2026	2025	2025	48	CURRENT		POSITIVE_VOR	0.21736619718309885	0.22916666666666666
2026	Carson Beck	3	21	1	2026	2026	2025	2025	48	FREQUENCY	0.0	POSITIVE_VOR	0.22916666666666666	0.22916666666666666
2026	Carson Beck	3	21	1	2026	2026	2025	2025	48	NESTED	0.25	POSITIVE_VOR	0.22985070938454413	0.22916666666666666
2026	Carson Beck	3	21	1	2026	2026	2025	2025	48	CURRENT		VOR_26	0.0997042253521126	0.10416666666666667
2026	Carson Beck	3	21	1	2026	2026	2025	2025	48	FREQUENCY	0.0	VOR_26	0.10416666666666667	0.10416666666666667
2026	Carson Beck	3	21	1	2026	2026	2025	2025	48	NESTED	0.25	VOR_26	0.11500172316433226	0.10416666666666667
2026	Carson Beck	3	21	2	2027	2026	2025	2025	41	CURRENT		POSITIVE_VOR	0.3302222222222214	0.3902439024390244
2026	Carson Beck	3	21	2	2027	2026	2025	2025	41	FREQUENCY	0.0	POSITIVE_VOR	0.3902439024390244	0.3902439024390244
2026	Carson Beck	3	21	2	2027	2026	2025	2025	41	NESTED	0.25	POSITIVE_VOR	0.3899854966417762	0.3902439024390244
2026	Carson Beck	3	21	2	2027	2026	2025	2025	41	CURRENT		VOR_26	0.24196825396825403	0.3170731707317073
2026	Carson Beck	3	21	2	2027	2026	2025	2025	41	FREQUENCY	0.0	VOR_26	0.3170731707317073	0.3170731707317073
2026	Carson Beck	3	21	2	2027	2026	2025	2025	41	NESTED	0.25	VOR_26	0.32133573638720975	0.3170731707317073
2026	Carson Beck	3	21	3	2028	2026	2025	2025	34	CURRENT		POSITIVE_VOR	0.22505454545454526	0.35294117647058826
2026	Carson Beck	3	21	3	2028	2026	2025	2025	34	FREQUENCY	0.0	POSITIVE_VOR	0.35294117647058826	0.35294117647058826
2026	Carson Beck	3	21	3	2028	2026	2025	2025	34	NESTED	0.25	POSITIVE_VOR	0.3269187554038452	0.35294117647058826
2026	Carson Beck	3	21	3	2028	2026	2025	2025	34	CURRENT		VOR_26	0.13327272727272735	0.20588235294117646
2026	Carson Beck	3	21	3	2028	2026	2025	2025	34	FREQUENCY	0.0	VOR_26	0.20588235294117646	0.20588235294117646
2026	Carson Beck	3	21	3	2028	2026	2025	2025	34	NESTED	0.25	VOR_26	0.18011376358961267	0.20588235294117646
2026	Carson Beck	3	21	4	2029	2026	2025	2025	29	CURRENT		POSITIVE_VOR	0.23272340425531915	0.3793103448275862
2026	Carson Beck	3	21	4	2029	2026	2025	2025	29	FREQUENCY	0.0	POSITIVE_VOR	0.3793103448275862	0.3793103448275862
2026	Carson Beck	3	21	4	2029	2026	2025	2025	29	NESTED	0.25	POSITIVE_VOR	0.3913016503538472	0.3793103448275862
2026	Carson Beck	3	21	4	2029	2026	2025	2025	29	CURRENT		VOR_26	0.14374468085106382	0.2413793103448276
2026	Carson Beck	3	21	4	2029	2026	2025	2025	29	FREQUENCY	0.0	VOR_26	0.2413793103448276	0.2413793103448276
2026	Carson Beck	3	21	4	2029	2026	2025	2025	29	NESTED	0.25	VOR_26	0.23451243111160663	0.2413793103448276
2026	Carson Beck	3	21	5	2030	2026	2025	2025	25	CURRENT		POSITIVE_VOR	0.2553714285714287	0.36
2026	Carson Beck	3	21	5	2030	2026	2025	2025	25	FREQUENCY	0.0	POSITIVE_VOR	0.36	0.36
2026	Carson Beck	3	21	5	2030	2026	2025	2025	25	NESTED	0.25	POSITIVE_VOR	0.3244615939343972	0.36
2026	Carson Beck	3	21	5	2030	2026	2025	2025	25	CURRENT		VOR_26	0.17142857142857162	0.2
2026	Carson Beck	3	21	5	2030	2026	2025	2025	25	FREQUENCY	0.0	VOR_26	0.2	0.2
2026	Carson Beck	3	21	5	2030	2026	2025	2025	25	NESTED	0.25	VOR_26	0.1789463251318006	0.2
2026	Cole Payton	4	38	1	2026	2026	2025	2025	48	CURRENT		POSITIVE_VOR	0.11983116883116872	0.22916666666666666
2026	Cole Payton	4	38	1	2026	2026	2025	2025	48	FREQUENCY	0.0	POSITIVE_VOR	0.22916666666666666	0.22916666666666666
2026	Cole Payton	4	38	1	2026	2026	2025	2025	48	NESTED	0.25	POSITIVE_VOR	0.2202453497254474	0.22916666666666666
2026	Cole Payton	4	38	1	2026	2026	2025	2025	48	CURRENT		VOR_26	0.05275324675324677	0.10416666666666667
2026	Cole Payton	4	38	1	2026	2026	2025	2025	48	FREQUENCY	0.0	VOR_26	0.10416666666666667	0.10416666666666667
2026	Cole Payton	4	38	1	2026	2026	2025	2025	48	NESTED	0.25	VOR_26	0.0925478276306142	0.10416666666666667
2026	Cole Payton	4	38	2	2027	2026	2025	2025	41	CURRENT		POSITIVE_VOR	0.2237205882352944	0.3902439024390244
2026	Cole Payton	4	38	2	2027	2026	2025	2025	41	FREQUENCY	0.0	POSITIVE_VOR	0.3902439024390244	0.3902439024390244
2026	Cole Payton	4	38	2	2027	2026	2025	2025	41	NESTED	0.25	POSITIVE_VOR	0.37131614527684736	0.3902439024390244
2026	Cole Payton	4	38	2	2027	2026	2025	2025	41	CURRENT		VOR_26	0.1601470588235296	0.3170731707317073
2026	Cole Payton	4	38	2	2027	2026	2025	2025	41	FREQUENCY	0.0	VOR_26	0.3170731707317073	0.3170731707317073
2026	Cole Payton	4	38	2	2027	2026	2025	2025	41	NESTED	0.25	VOR_26	0.2963092513143637	0.3170731707317073
2026	Cole Payton	4	38	3	2028	2026	2025	2025	34	CURRENT		POSITIVE_VOR	0.1640727272727273	0.35294117647058826
2026	Cole Payton	4	38	3	2028	2026	2025	2025	34	FREQUENCY	0.0	POSITIVE_VOR	0.35294117647058826	0.35294117647058826
2026	Cole Payton	4	38	3	2028	2026	2025	2025	34	NESTED	0.25	POSITIVE_VOR	0.3022442284125546	0.35294117647058826
2026	Cole Payton	4	38	3	2028	2026	2025	2025	34	CURRENT		VOR_26	0.11109090909090914	0.20588235294117646
2026	Cole Payton	4	38	3	2028	2026	2025	2025	34	FREQUENCY	0.0	VOR_26	0.20588235294117646	0.20588235294117646
2026	Cole Payton	4	38	3	2028	2026	2025	2025	34	NESTED	0.25	VOR_26	0.1773201181219107	0.20588235294117646
2026	Cole Payton	4	38	4	2029	2026	2025	2025	29	CURRENT		POSITIVE_VOR	0.18377999999999978	0.3793103448275862
2026	Cole Payton	4	38	4	2029	2026	2025	2025	29	FREQUENCY	0.0	POSITIVE_VOR	0.3793103448275862	0.3793103448275862
2026	Cole Payton	4	38	4	2029	2026	2025	2025	29	NESTED	0.25	POSITIVE_VOR	0.36269256956084794	0.3793103448275862
2026	Cole Payton	4	38	4	2029	2026	2025	2025	29	CURRENT		VOR_26	0.1222	0.2413793103448276
2026	Cole Payton	4	38	4	2029	2026	2025	2025	29	FREQUENCY	0.0	VOR_26	0.2413793103448276	0.2413793103448276
2026	Cole Payton	4	38	4	2029	2026	2025	2025	29	NESTED	0.25	VOR_26	0.23771292201376584	0.2413793103448276
2026	Cole Payton	4	38	5	2030	2026	2025	2025	25	CURRENT		POSITIVE_VOR	0.20540000000000022	0.36
2026	Cole Payton	4	38	5	2030	2026	2025	2025	25	FREQUENCY	0.0	POSITIVE_VOR	0.36	0.36
2026	Cole Payton	4	38	5	2030	2026	2025	2025	25	NESTED	0.25	POSITIVE_VOR	0.3326722358766323	0.36
2026	Cole Payton	4	38	5	2030	2026	2025	2025	25	CURRENT		VOR_26	0.14600000000000019	0.2
2026	Cole Payton	4	38	5	2030	2026	2025	2025	25	FREQUENCY	0.0	VOR_26	0.2	0.2
2026	Cole Payton	4	38	5	2030	2026	2025	2025	25	NESTED	0.25	VOR_26	0.17889210480673495	0.2
2026	Cade Klubnik	5	39	1	2026	2026	2025	2025	48	CURRENT		POSITIVE_VOR	0.09684337349397586	0.22916666666666666
2026	Cade Klubnik	5	39	1	2026	2026	2025	2025	48	FREQUENCY	0.0	POSITIVE_VOR	0.22916666666666666	0.22916666666666666
2026	Cade Klubnik	5	39	1	2026	2026	2025	2025	48	NESTED	0.25	POSITIVE_VOR	0.1951126897143919	0.22916666666666666
2026	Cade Klubnik	5	39	1	2026	2026	2025	2025	48	CURRENT		VOR_26	0.0398313253012048	0.10416666666666667
2026	Cade Klubnik	5	39	1	2026	2026	2025	2025	48	FREQUENCY	0.0	VOR_26	0.10416666666666667	0.10416666666666667
2026	Cade Klubnik	5	39	1	2026	2026	2025	2025	48	NESTED	0.25	VOR_26	0.08505389745860259	0.10416666666666667
2026	Cade Klubnik	5	39	2	2027	2026	2025	2025	41	CURRENT		POSITIVE_VOR	0.15402739726027403	0.3902439024390244
2026	Cade Klubnik	5	39	2	2027	2026	2025	2025	41	FREQUENCY	0.0	POSITIVE_VOR	0.3902439024390244	0.3902439024390244
2026	Cade Klubnik	5	39	2	2027	2026	2025	2025	41	NESTED	0.25	POSITIVE_VOR	0.3720688154648986	0.3902439024390244
2026	Cade Klubnik	5	39	2	2027	2026	2025	2025	41	CURRENT		VOR_26	0.09556164383561654	0.3170731707317073
2026	Cade Klubnik	5	39	2	2027	2026	2025	2025	41	FREQUENCY	0.0	VOR_26	0.3170731707317073	0.3170731707317073
2026	Cade Klubnik	5	39	2	2027	2026	2025	2025	41	NESTED	0.25	VOR_26	0.30710746908336944	0.3170731707317073
2026	Cade Klubnik	5	39	3	2028	2026	2025	2025	34	CURRENT		POSITIVE_VOR	0.09460000000000002	0.35294117647058826
2026	Cade Klubnik	5	39	3	2028	2026	2025	2025	34	FREQUENCY	0.0	POSITIVE_VOR	0.35294117647058826	0.35294117647058826
2026	Cade Klubnik	5	39	3	2028	2026	2025	2025	34	NESTED	0.25	POSITIVE_VOR	0.33414111575001815	0.35294117647058826
2026	Cade Klubnik	5	39	3	2028	2026	2025	2025	34	CURRENT		VOR_26	0.060109090909090904	0.20588235294117646
2026	Cade Klubnik	5	39	3	2028	2026	2025	2025	34	FREQUENCY	0.0	VOR_26	0.20588235294117646	0.20588235294117646
2026	Cade Klubnik	5	39	3	2028	2026	2025	2025	34	NESTED	0.25	VOR_26	0.21607535267138192	0.20588235294117646
2026	Cade Klubnik	5	39	4	2029	2026	2025	2025	29	CURRENT		POSITIVE_VOR	0.16222641509433977	0.3793103448275862
2026	Cade Klubnik	5	39	4	2029	2026	2025	2025	29	FREQUENCY	0.0	POSITIVE_VOR	0.3793103448275862	0.3793103448275862
2026	Cade Klubnik	5	39	4	2029	2026	2025	2025	29	NESTED	0.25	POSITIVE_VOR	0.3877775946077052	0.3793103448275862
2026	Cade Klubnik	5	39	4	2029	2026	2025	2025	29	CURRENT		VOR_26	0.09090566037735842	0.2413793103448276
2026	Cade Klubnik	5	39	4	2029	2026	2025	2025	29	FREQUENCY	0.0	VOR_26	0.2413793103448276	0.2413793103448276
2026	Cade Klubnik	5	39	4	2029	2026	2025	2025	29	NESTED	0.25	VOR_26	0.27250669213013734	0.2413793103448276
2026	Cade Klubnik	5	39	5	2030	2026	2025	2025	25	CURRENT		POSITIVE_VOR	0.148763157894737	0.36
2026	Cade Klubnik	5	39	5	2030	2026	2025	2025	25	FREQUENCY	0.0	POSITIVE_VOR	0.36	0.36
2026	Cade Klubnik	5	39	5	2030	2026	2025	2025	25	NESTED	0.25	POSITIVE_VOR	0.367544468504619	0.36
2026	Cade Klubnik	5	39	5	2030	2026	2025	2025	25	CURRENT		VOR_26	0.08202631578947363	0.2
2026	Cade Klubnik	5	39	5	2030	2026	2025	2025	25	FREQUENCY	0.0	VOR_26	0.2	0.2
2026	Cade Klubnik	5	39	5	2030	2026	2025	2025	25	NESTED	0.25	VOR_26	0.23031623956630362	0.2
2026	Drew Allar	6	43	1	2026	2026	2025	2025	48	CURRENT		POSITIVE_VOR	0.03819318181818183	0.22916666666666666
2026	Drew Allar	6	43	1	2026	2026	2025	2025	48	FREQUENCY	0.0	POSITIVE_VOR	0.22916666666666666	0.22916666666666666
2026	Drew Allar	6	43	1	2026	2026	2025	2025	48	NESTED	0.25	POSITIVE_VOR	0.18434202652478165	0.22916666666666666
2026	Drew Allar	6	43	1	2026	2026	2025	2025	48	CURRENT		VOR_26	0.018431818181818185	0.10416666666666667
2026	Drew Allar	6	43	1	2026	2026	2025	2025	48	FREQUENCY	0.0	VOR_26	0.10416666666666667	0.10416666666666667
2026	Drew Allar	6	43	1	2026	2026	2025	2025	48	NESTED	0.25	VOR_26	0.081842355273506	0.10416666666666667
2026	Drew Allar	6	43	2	2027	2026	2025	2025	41	CURRENT		POSITIVE_VOR	0.061948051948051974	0.3902439024390244
2026	Drew Allar	6	43	2	2027	2026	2025	2025	41	FREQUENCY	0.0	POSITIVE_VOR	0.3902439024390244	0.3902439024390244
2026	Drew Allar	6	43	2	2027	2026	2025	2025	41	NESTED	0.25	POSITIVE_VOR	0.33850963761793296	0.3902439024390244
2026	Drew Allar	6	43	2	2027	2026	2025	2025	41	CURRENT		VOR_26	0.030662337662337676	0.3170731707317073
2026	Drew Allar	6	43	2	2027	2026	2025	2025	41	FREQUENCY	0.0	VOR_26	0.3170731707317073	0.3170731707317073
2026	Drew Allar	6	43	2	2027	2026	2025	2025	41	NESTED	0.25	VOR_26	0.27781085204277545	0.3170731707317073
2026	Drew Allar	6	43	3	2028	2026	2025	2025	34	CURRENT		POSITIVE_VOR	0.038927272727272734	0.35294117647058826
2026	Drew Allar	6	43	3	2028	2026	2025	2025	34	FREQUENCY	0.0	POSITIVE_VOR	0.35294117647058826	0.35294117647058826
2026	Drew Allar	6	43	3	2028	2026	2025	2025	34	NESTED	0.25	POSITIVE_VOR	0.30984767400531127	0.35294117647058826
2026	Drew Allar	6	43	3	2028	2026	2025	2025	34	CURRENT		VOR_26	0.015872727272727278	0.20588235294117646
2026	Drew Allar	6	43	3	2028	2026	2025	2025	34	FREQUENCY	0.0	VOR_26	0.20588235294117646	0.20588235294117646
2026	Drew Allar	6	43	3	2028	2026	2025	2025	34	NESTED	0.25	VOR_26	0.19450099180702377	0.20588235294117646
2026	Drew Allar	6	43	4	2029	2026	2025	2025	29	CURRENT		POSITIVE_VOR	0.05790566037735844	0.3793103448275862
2026	Drew Allar	6	43	4	2029	2026	2025	2025	29	FREQUENCY	0.0	POSITIVE_VOR	0.3793103448275862	0.3793103448275862
2026	Drew Allar	6	43	4	2029	2026	2025	2025	29	NESTED	0.25	POSITIVE_VOR	0.3468512885911375	0.3793103448275862
2026	Drew Allar	6	43	4	2029	2026	2025	2025	29	CURRENT		VOR_26	0.027754716981132077	0.2413793103448276
2026	Drew Allar	6	43	4	2029	2026	2025	2025	29	FREQUENCY	0.0	VOR_26	0.2413793103448276	0.2413793103448276
2026	Drew Allar	6	43	4	2029	2026	2025	2025	29	NESTED	0.25	VOR_26	0.23626461287245962	0.2413793103448276
2026	Drew Allar	6	43	5	2030	2026	2025	2025	25	CURRENT		POSITIVE_VOR	0.148763157894737	0.36
2026	Drew Allar	6	43	5	2030	2026	2025	2025	25	FREQUENCY	0.0	POSITIVE_VOR	0.36	0.36
2026	Drew Allar	6	43	5	2030	2026	2025	2025	25	NESTED	0.25	POSITIVE_VOR	0.32694131790637615	0.36
2026	Drew Allar	6	43	5	2030	2026	2025	2025	25	CURRENT		VOR_26	0.08347368421052626	0.2
2026	Drew Allar	6	43	5	2030	2026	2025	2025	25	FREQUENCY	0.0	VOR_26	0.2	0.2
2026	Drew Allar	6	43	5	2030	2026	2025	2025	25	NESTED	0.25	VOR_26	0.19688438617073403	0.2
2026	Taylen Green	7	44	1	2026	2026	2025	2025	48	CURRENT		POSITIVE_VOR	0.018879518072289166	0.22916666666666666
2026	Taylen Green	7	44	1	2026	2026	2025	2025	48	FREQUENCY	0.0	POSITIVE_VOR	0.22916666666666666	0.22916666666666666
2026	Taylen Green	7	44	1	2026	2026	2025	2025	48	NESTED	0.25	POSITIVE_VOR	0.18001227232334538	0.22916666666666666
2026	Taylen Green	7	44	1	2026	2026	2025	2025	48	CURRENT		VOR_26	0.004265060240963856	0.10416666666666667
2026	Taylen Green	7	44	1	2026	2026	2025	2025	48	FREQUENCY	0.0	VOR_26	0.10416666666666667	0.10416666666666667
2026	Taylen Green	7	44	1	2026	2026	2025	2025	48	NESTED	0.25	VOR_26	0.08055133093970032	0.10416666666666667
2026	Taylen Green	7	44	2	2027	2026	2025	2025	41	CURRENT		POSITIVE_VOR	0.039138888888888904	0.3902439024390244
2026	Taylen Green	7	44	2	2027	2026	2025	2025	41	FREQUENCY	0.0	POSITIVE_VOR	0.3902439024390244	0.3902439024390244
2026	Taylen Green	7	44	2	2027	2026	2025	2025	41	NESTED	0.25	POSITIVE_VOR	0.326851427681283	0.3902439024390244
2026	Taylen Green	7	44	2	2027	2026	2025	2025	41	CURRENT		VOR_26	0.017708333333333336	0.3170731707317073
2026	Taylen Green	7	44	2	2027	2026	2025	2025	41	FREQUENCY	0.0	VOR_26	0.3170731707317073	0.3170731707317073
2026	Taylen Green	7	44	2	2027	2026	2025	2025	41	NESTED	0.25	VOR_26	0.2676334241734047	0.3170731707317073
2026	Taylen Green	7	44	3	2028	2026	2025	2025	34	CURRENT		POSITIVE_VOR	0.04624999999999999	0.35294117647058826
2026	Taylen Green	7	44	3	2028	2026	2025	2025	34	FREQUENCY	0.0	POSITIVE_VOR	0.35294117647058826	0.35294117647058826
2026	Taylen Green	7	44	3	2028	2026	2025	2025	34	NESTED	0.25	POSITIVE_VOR	0.30984767400531127	0.35294117647058826
2026	Taylen Green	7	44	3	2028	2026	2025	2025	34	CURRENT		VOR_26	0.014750000000000001	0.20588235294117646
2026	Taylen Green	7	44	3	2028	2026	2025	2025	34	FREQUENCY	0.0	VOR_26	0.20588235294117646	0.20588235294117646
2026	Taylen Green	7	44	3	2028	2026	2025	2025	34	NESTED	0.25	VOR_26	0.19450099180702377	0.20588235294117646
2026	Taylen Green	7	44	4	2029	2026	2025	2025	29	CURRENT		POSITIVE_VOR	0.03765957446808511	0.3793103448275862
2026	Taylen Green	7	44	4	2029	2026	2025	2025	29	FREQUENCY	0.0	POSITIVE_VOR	0.3793103448275862	0.3793103448275862
2026	Taylen Green	7	44	4	2029	2026	2025	2025	29	NESTED	0.25	POSITIVE_VOR	0.3468512885911375	0.3793103448275862
2026	Taylen Green	7	44	4	2029	2026	2025	2025	29	CURRENT		VOR_26	0.022595744680851064	0.2413793103448276
2026	Taylen Green	7	44	4	2029	2026	2025	2025	29	FREQUENCY	0.0	VOR_26	0.2413793103448276	0.2413793103448276
2026	Taylen Green	7	44	4	2029	2026	2025	2025	29	NESTED	0.25	VOR_26	0.23626461287245962	0.2413793103448276
2026	Taylen Green	7	44	5	2030	2026	2025	2025	25	CURRENT		POSITIVE_VOR	0.13933333333333345	0.36
2026	Taylen Green	7	44	5	2030	2026	2025	2025	25	FREQUENCY	0.0	POSITIVE_VOR	0.36	0.36
2026	Taylen Green	7	44	5	2030	2026	2025	2025	25	NESTED	0.25	POSITIVE_VOR	0.32694131790637615	0.36
2026	Taylen Green	7	44	5	2030	2026	2025	2025	25	CURRENT		VOR_26	0.08372727272727272	0.2
2026	Taylen Green	7	44	5	2030	2026	2025	2025	25	FREQUENCY	0.0	VOR_26	0.2	0.2
2026	Taylen Green	7	44	5	2030	2026	2025	2025	25	NESTED	0.25	VOR_26	0.19688438617073403	0.2
2026	Haynes King	8	50	1	2026	2026	2025	2025	48	CURRENT		POSITIVE_VOR	0.008081081081081081	0.22916666666666666
2026	Haynes King	8	50	1	2026	2026	2025	2025	48	FREQUENCY	0.0	POSITIVE_VOR	0.22916666666666666	0.22916666666666666
2026	Haynes King	8	50	1	2026	2026	2025	2025	48	NESTED	0.25	POSITIVE_VOR	0.18001227232334538	0.22916666666666666
2026	Haynes King	8	50	1	2026	2026	2025	2025	48	CURRENT		VOR_26	0.004783783783783784	0.10416666666666667
2026	Haynes King	8	50	1	2026	2026	2025	2025	48	FREQUENCY	0.0	VOR_26	0.10416666666666667	0.10416666666666667
2026	Haynes King	8	50	1	2026	2026	2025	2025	48	NESTED	0.25	VOR_26	0.08055133093970032	0.10416666666666667
2026	Haynes King	8	50	2	2027	2026	2025	2025	41	CURRENT		POSITIVE_VOR	0.022874999999999993	0.3902439024390244
2026	Haynes King	8	50	2	2027	2026	2025	2025	41	FREQUENCY	0.0	POSITIVE_VOR	0.3902439024390244	0.3902439024390244
2026	Haynes King	8	50	2	2027	2026	2025	2025	41	NESTED	0.25	POSITIVE_VOR	0.326851427681283	0.3902439024390244
2026	Haynes King	8	50	2	2027	2026	2025	2025	41	CURRENT		VOR_26	0.006390625	0.3170731707317073
2026	Haynes King	8	50	2	2027	2026	2025	2025	41	FREQUENCY	0.0	VOR_26	0.3170731707317073	0.3170731707317073
2026	Haynes King	8	50	2	2027	2026	2025	2025	41	NESTED	0.25	VOR_26	0.2676334241734047	0.3170731707317073
2026	Haynes King	8	50	3	2028	2026	2025	2025	34	CURRENT		POSITIVE_VOR	0.0	0.35294117647058826
2026	Haynes King	8	50	3	2028	2026	2025	2025	34	FREQUENCY	0.0	POSITIVE_VOR	0.35294117647058826	0.35294117647058826
2026	Haynes King	8	50	3	2028	2026	2025	2025	34	NESTED	0.25	POSITIVE_VOR	0.30984767400531127	0.35294117647058826
2026	Haynes King	8	50	3	2028	2026	2025	2025	34	CURRENT		VOR_26	0.0	0.20588235294117646
2026	Haynes King	8	50	3	2028	2026	2025	2025	34	FREQUENCY	0.0	VOR_26	0.20588235294117646	0.20588235294117646
2026	Haynes King	8	50	3	2028	2026	2025	2025	34	NESTED	0.25	VOR_26	0.19450099180702377	0.20588235294117646
2026	Haynes King	8	50	4	2029	2026	2025	2025	29	CURRENT		POSITIVE_VOR	0.0	0.3793103448275862
2026	Haynes King	8	50	4	2029	2026	2025	2025	29	FREQUENCY	0.0	POSITIVE_VOR	0.3793103448275862	0.3793103448275862
2026	Haynes King	8	50	4	2029	2026	2025	2025	29	NESTED	0.25	POSITIVE_VOR	0.3468512885911375	0.3793103448275862
2026	Haynes King	8	50	4	2029	2026	2025	2025	29	CURRENT		VOR_26	0.0	0.2413793103448276
2026	Haynes King	8	50	4	2029	2026	2025	2025	29	FREQUENCY	0.0	VOR_26	0.2413793103448276	0.2413793103448276
2026	Haynes King	8	50	4	2029	2026	2025	2025	29	NESTED	0.25	VOR_26	0.23626461287245962	0.2413793103448276
2026	Haynes King	8	50	5	2030	2026	2025	2025	25	CURRENT		POSITIVE_VOR		0.36
2026	Haynes King	8	50	5	2030	2026	2025	2025	25	FREQUENCY	0.0	POSITIVE_VOR		0.36
2026	Haynes King	8	50	5	2030	2026	2025	2025	25	NESTED	0.25	POSITIVE_VOR		0.36
2026	Haynes King	8	50	5	2030	2026	2025	2025	25	CURRENT		VOR_26		0.2
2026	Haynes King	8	50	5	2030	2026	2025	2025	25	FREQUENCY	0.0	VOR_26		0.2
2026	Haynes King	8	50	5	2030	2026	2025	2025	25	NESTED	0.25	VOR_26		0.2
2026	Garrett Nussmeier	9	55	1	2026	2026	2025	2025	48	CURRENT		POSITIVE_VOR	0.0092	0.22916666666666666
2026	Garrett Nussmeier	9	55	1	2026	2026	2025	2025	48	FREQUENCY	0.0	POSITIVE_VOR	0.22916666666666666	0.22916666666666666
2026	Garrett Nussmeier	9	55	1	2026	2026	2025	2025	48	NESTED	0.25	POSITIVE_VOR	0.18001227232334538	0.22916666666666666
2026	Garrett Nussmeier	9	55	1	2026	2026	2025	2025	48	CURRENT		VOR_26	0.005446153846153846	0.10416666666666667
2026	Garrett Nussmeier	9	55	1	2026	2026	2025	2025	48	FREQUENCY	0.0	VOR_26	0.10416666666666667	0.10416666666666667
2026	Garrett Nussmeier	9	55	1	2026	2026	2025	2025	48	NESTED	0.25	VOR_26	0.08055133093970032	0.10416666666666667
2026	Garrett Nussmeier	9	55	2	2027	2026	2025	2025	41	CURRENT		POSITIVE_VOR	0.02614285714285715	0.3902439024390244
2026	Garrett Nussmeier	9	55	2	2027	2026	2025	2025	41	FREQUENCY	0.0	POSITIVE_VOR	0.3902439024390244	0.3902439024390244
2026	Garrett Nussmeier	9	55	2	2027	2026	2025	2025	41	NESTED	0.25	POSITIVE_VOR	0.326851427681283	0.3902439024390244
2026	Garrett Nussmeier	9	55	2	2027	2026	2025	2025	41	CURRENT		VOR_26	0.008285714285714285	0.3170731707317073
2026	Garrett Nussmeier	9	55	2	2027	2026	2025	2025	41	FREQUENCY	0.0	VOR_26	0.3170731707317073	0.3170731707317073
2026	Garrett Nussmeier	9	55	2	2027	2026	2025	2025	41	NESTED	0.25	VOR_26	0.2676334241734047	0.3170731707317073
2026	Garrett Nussmeier	9	55	3	2028	2026	2025	2025	34	CURRENT		POSITIVE_VOR		0.35294117647058826
2026	Garrett Nussmeier	9	55	3	2028	2026	2025	2025	34	FREQUENCY	0.0	POSITIVE_VOR		0.35294117647058826
2026	Garrett Nussmeier	9	55	3	2028	2026	2025	2025	34	NESTED	0.25	POSITIVE_VOR		0.35294117647058826
2026	Garrett Nussmeier	9	55	3	2028	2026	2025	2025	34	CURRENT		VOR_26		0.20588235294117646
2026	Garrett Nussmeier	9	55	3	2028	2026	2025	2025	34	FREQUENCY	0.0	VOR_26		0.20588235294117646
2026	Garrett Nussmeier	9	55	3	2028	2026	2025	2025	34	NESTED	0.25	VOR_26		0.20588235294117646
2026	Garrett Nussmeier	9	55	4	2029	2026	2025	2025	29	CURRENT		POSITIVE_VOR	0.0	0.3793103448275862
2026	Garrett Nussmeier	9	55	4	2029	2026	2025	2025	29	FREQUENCY	0.0	POSITIVE_VOR	0.3793103448275862	0.3793103448275862
2026	Garrett Nussmeier	9	55	4	2029	2026	2025	2025	29	NESTED	0.25	POSITIVE_VOR	0.3468512885911375	0.3793103448275862
2026	Garrett Nussmeier	9	55	4	2029	2026	2025	2025	29	CURRENT		VOR_26	0.0	0.2413793103448276
2026	Garrett Nussmeier	9	55	4	2029	2026	2025	2025	29	FREQUENCY	0.0	VOR_26	0.2413793103448276	0.2413793103448276
2026	Garrett Nussmeier	9	55	4	2029	2026	2025	2025	29	NESTED	0.25	VOR_26	0.2362646128724596	0.2413793103448276
2026	Garrett Nussmeier	9	55	5	2030	2026	2025	2025	25	CURRENT		POSITIVE_VOR		0.36
2026	Garrett Nussmeier	9	55	5	2030	2026	2025	2025	25	FREQUENCY	0.0	POSITIVE_VOR		0.36
2026	Garrett Nussmeier	9	55	5	2030	2026	2025	2025	25	NESTED	0.25	POSITIVE_VOR		0.36
2026	Garrett Nussmeier	9	55	5	2030	2026	2025	2025	25	CURRENT		VOR_26		0.2
2026	Garrett Nussmeier	9	55	5	2030	2026	2025	2025	25	FREQUENCY	0.0	VOR_26		0.2
2026	Garrett Nussmeier	9	55	5	2030	2026	2025	2025	25	NESTED	0.25	VOR_26		0.2
2026	Jalon Daniels	10	70	1	2026	2026	2025	2025	48	CURRENT		POSITIVE_VOR	0.011660714285714285	0.22916666666666666
2026	Jalon Daniels	10	70	1	2026	2026	2025	2025	48	FREQUENCY	0.0	POSITIVE_VOR	0.22916666666666666	0.22916666666666666
2026	Jalon Daniels	10	70	1	2026	2026	2025	2025	48	NESTED	0.25	POSITIVE_VOR	0.18001227232334538	0.22916666666666666
2026	Jalon Daniels	10	70	1	2026	2026	2025	2025	48	CURRENT		VOR_26	0.006321428571428571	0.10416666666666667
2026	Jalon Daniels	10	70	1	2026	2026	2025	2025	48	FREQUENCY	0.0	VOR_26	0.10416666666666667	0.10416666666666667
2026	Jalon Daniels	10	70	1	2026	2026	2025	2025	48	NESTED	0.25	VOR_26	0.08055133093970032	0.10416666666666667
2026	Jalon Daniels	10	70	2	2027	2026	2025	2025	41	CURRENT		POSITIVE_VOR	0.031645833333333324	0.3902439024390244
2026	Jalon Daniels	10	70	2	2027	2026	2025	2025	41	FREQUENCY	0.0	POSITIVE_VOR	0.3902439024390244	0.3902439024390244
2026	Jalon Daniels	10	70	2	2027	2026	2025	2025	41	NESTED	0.25	POSITIVE_VOR	0.326851427681283	0.3902439024390244
2026	Jalon Daniels	10	70	2	2027	2026	2025	2025	41	CURRENT		VOR_26	0.009666666666666667	0.3170731707317073
2026	Jalon Daniels	10	70	2	2027	2026	2025	2025	41	FREQUENCY	0.0	VOR_26	0.3170731707317073	0.3170731707317073
2026	Jalon Daniels	10	70	2	2027	2026	2025	2025	41	NESTED	0.25	VOR_26	0.2676334241734047	0.3170731707317073
2026	Jalon Daniels	10	70	3	2028	2026	2025	2025	34	CURRENT		POSITIVE_VOR		0.35294117647058826
2026	Jalon Daniels	10	70	3	2028	2026	2025	2025	34	FREQUENCY	0.0	POSITIVE_VOR		0.35294117647058826
2026	Jalon Daniels	10	70	3	2028	2026	2025	2025	34	NESTED	0.25	POSITIVE_VOR		0.35294117647058826
2026	Jalon Daniels	10	70	3	2028	2026	2025	2025	34	CURRENT		VOR_26		0.20588235294117646
2026	Jalon Daniels	10	70	3	2028	2026	2025	2025	34	FREQUENCY	0.0	VOR_26		0.20588235294117646
2026	Jalon Daniels	10	70	3	2028	2026	2025	2025	34	NESTED	0.25	VOR_26		0.20588235294117646
2026	Jalon Daniels	10	70	4	2029	2026	2025	2025	29	CURRENT		POSITIVE_VOR	0.0	0.3793103448275862
2026	Jalon Daniels	10	70	4	2029	2026	2025	2025	29	FREQUENCY	0.0	POSITIVE_VOR	0.3793103448275862	0.3793103448275862
2026	Jalon Daniels	10	70	4	2029	2026	2025	2025	29	NESTED	0.25	POSITIVE_VOR	0.34685128859113756	0.3793103448275862
2026	Jalon Daniels	10	70	4	2029	2026	2025	2025	29	CURRENT		VOR_26	0.0	0.2413793103448276
2026	Jalon Daniels	10	70	4	2029	2026	2025	2025	29	FREQUENCY	0.0	VOR_26	0.2413793103448276	0.2413793103448276
2026	Jalon Daniels	10	70	4	2029	2026	2025	2025	29	NESTED	0.25	VOR_26	0.23626461287245962	0.2413793103448276
2026	Jalon Daniels	10	70	5	2030	2026	2025	2025	25	CURRENT		POSITIVE_VOR	0.01076315789473684	0.36
2026	Jalon Daniels	10	70	5	2030	2026	2025	2025	25	FREQUENCY	0.0	POSITIVE_VOR	0.36	0.36
2026	Jalon Daniels	10	70	5	2030	2026	2025	2025	25	NESTED	0.25	POSITIVE_VOR	0.3269413179063762	0.36
2026	Jalon Daniels	10	70	5	2030	2026	2025	2025	25	CURRENT		VOR_26	0.002894736842105263	0.2
2026	Jalon Daniels	10	70	5	2030	2026	2025	2025	25	FREQUENCY	0.0	VOR_26	0.2	0.2
2026	Jalon Daniels	10	70	5	2030	2026	2025	2025	25	NESTED	0.25	VOR_26	0.19688438617073406	0.2
2026	Jack Strand	11	73	1	2026	2026	2025	2025	48	CURRENT		POSITIVE_VOR	0.015063829787234043	0.22916666666666666
2026	Jack Strand	11	73	1	2026	2026	2025	2025	48	FREQUENCY	0.0	POSITIVE_VOR	0.22916666666666666	0.22916666666666666
2026	Jack Strand	11	73	1	2026	2026	2025	2025	48	NESTED	0.25	POSITIVE_VOR	0.18001227232334538	0.22916666666666666
2026	Jack Strand	11	73	1	2026	2026	2025	2025	48	CURRENT		VOR_26	0.013893617021276596	0.10416666666666667
2026	Jack Strand	11	73	1	2026	2026	2025	2025	48	FREQUENCY	0.0	VOR_26	0.10416666666666667	0.10416666666666667
2026	Jack Strand	11	73	1	2026	2026	2025	2025	48	NESTED	0.25	VOR_26	0.08055133093970032	0.10416666666666667
2026	Jack Strand	11	73	2	2027	2026	2025	2025	41	CURRENT		POSITIVE_VOR	0.02912500000000001	0.3902439024390244
2026	Jack Strand	11	73	2	2027	2026	2025	2025	41	FREQUENCY	0.0	POSITIVE_VOR	0.3902439024390244	0.3902439024390244
2026	Jack Strand	11	73	2	2027	2026	2025	2025	41	NESTED	0.25	POSITIVE_VOR	0.326851427681283	0.3902439024390244
2026	Jack Strand	11	73	2	2027	2026	2025	2025	41	CURRENT		VOR_26	0.010225	0.3170731707317073
2026	Jack Strand	11	73	2	2027	2026	2025	2025	41	FREQUENCY	0.0	VOR_26	0.3170731707317073	0.3170731707317073
2026	Jack Strand	11	73	2	2027	2026	2025	2025	41	NESTED	0.25	VOR_26	0.2676334241734047	0.3170731707317073
2026	Jack Strand	11	73	3	2028	2026	2025	2025	34	CURRENT		POSITIVE_VOR		0.35294117647058826
2026	Jack Strand	11	73	3	2028	2026	2025	2025	34	FREQUENCY	0.0	POSITIVE_VOR		0.35294117647058826
2026	Jack Strand	11	73	3	2028	2026	2025	2025	34	NESTED	0.25	POSITIVE_VOR		0.35294117647058826
2026	Jack Strand	11	73	3	2028	2026	2025	2025	34	CURRENT		VOR_26		0.20588235294117646
2026	Jack Strand	11	73	3	2028	2026	2025	2025	34	FREQUENCY	0.0	VOR_26		0.20588235294117646
2026	Jack Strand	11	73	3	2028	2026	2025	2025	34	NESTED	0.25	VOR_26		0.20588235294117646
2026	Jack Strand	11	73	4	2029	2026	2025	2025	29	CURRENT		POSITIVE_VOR		0.3793103448275862
2026	Jack Strand	11	73	4	2029	2026	2025	2025	29	FREQUENCY	0.0	POSITIVE_VOR		0.3793103448275862
2026	Jack Strand	11	73	4	2029	2026	2025	2025	29	NESTED	0.25	POSITIVE_VOR		0.3793103448275862
2026	Jack Strand	11	73	4	2029	2026	2025	2025	29	CURRENT		VOR_26		0.2413793103448276
2026	Jack Strand	11	73	4	2029	2026	2025	2025	29	FREQUENCY	0.0	VOR_26		0.2413793103448276
2026	Jack Strand	11	73	4	2029	2026	2025	2025	29	NESTED	0.25	VOR_26		0.2413793103448276
2026	Jack Strand	11	73	5	2030	2026	2025	2025	25	CURRENT		POSITIVE_VOR		0.36
2026	Jack Strand	11	73	5	2030	2026	2025	2025	25	FREQUENCY	0.0	POSITIVE_VOR		0.36
2026	Jack Strand	11	73	5	2030	2026	2025	2025	25	NESTED	0.25	POSITIVE_VOR		0.36
2026	Jack Strand	11	73	5	2030	2026	2025	2025	25	CURRENT		VOR_26		0.2
2026	Jack Strand	11	73	5	2030	2026	2025	2025	25	FREQUENCY	0.0	VOR_26		0.2
2026	Jack Strand	11	73	5	2030	2026	2025	2025	25	NESTED	0.25	VOR_26		0.2
2026	Athan Kaliakmanis	12	82	1	2026	2026	2025	2025	48	CURRENT		POSITIVE_VOR	0.002894736842105263	0.22916666666666666
2026	Athan Kaliakmanis	12	82	1	2026	2026	2025	2025	48	FREQUENCY	0.0	POSITIVE_VOR	0.22916666666666666	0.22916666666666666
2026	Athan Kaliakmanis	12	82	1	2026	2026	2025	2025	48	NESTED	0.25	POSITIVE_VOR	0.18001227232334538	0.22916666666666666
2026	Athan Kaliakmanis	12	82	1	2026	2026	2025	2025	48	CURRENT		VOR_26	0.0014473684210526314	0.10416666666666667
2026	Athan Kaliakmanis	12	82	1	2026	2026	2025	2025	48	FREQUENCY	0.0	VOR_26	0.10416666666666667	0.10416666666666667
2026	Athan Kaliakmanis	12	82	1	2026	2026	2025	2025	48	NESTED	0.25	VOR_26	0.08055133093970032	0.10416666666666667
2026	Athan Kaliakmanis	12	82	2	2027	2026	2025	2025	41	CURRENT		POSITIVE_VOR	0.034687499999999996	0.3902439024390244
2026	Athan Kaliakmanis	12	82	2	2027	2026	2025	2025	41	FREQUENCY	0.0	POSITIVE_VOR	0.3902439024390244	0.3902439024390244
2026	Athan Kaliakmanis	12	82	2	2027	2026	2025	2025	41	NESTED	0.25	POSITIVE_VOR	0.326851427681283	0.3902439024390244
2026	Athan Kaliakmanis	12	82	2	2027	2026	2025	2025	41	CURRENT		VOR_26	0.022125000000000006	0.3170731707317073
2026	Athan Kaliakmanis	12	82	2	2027	2026	2025	2025	41	FREQUENCY	0.0	VOR_26	0.3170731707317073	0.3170731707317073
2026	Athan Kaliakmanis	12	82	2	2027	2026	2025	2025	41	NESTED	0.25	VOR_26	0.2676334241734047	0.3170731707317073
2026	Athan Kaliakmanis	12	82	3	2028	2026	2025	2025	34	CURRENT		POSITIVE_VOR		0.35294117647058826
2026	Athan Kaliakmanis	12	82	3	2028	2026	2025	2025	34	FREQUENCY	0.0	POSITIVE_VOR		0.35294117647058826
2026	Athan Kaliakmanis	12	82	3	2028	2026	2025	2025	34	NESTED	0.25	POSITIVE_VOR		0.35294117647058826
2026	Athan Kaliakmanis	12	82	3	2028	2026	2025	2025	34	CURRENT		VOR_26		0.20588235294117646
2026	Athan Kaliakmanis	12	82	3	2028	2026	2025	2025	34	FREQUENCY	0.0	VOR_26		0.20588235294117646
2026	Athan Kaliakmanis	12	82	3	2028	2026	2025	2025	34	NESTED	0.25	VOR_26		0.20588235294117646
2026	Athan Kaliakmanis	12	82	4	2029	2026	2025	2025	29	CURRENT		POSITIVE_VOR		0.3793103448275862
2026	Athan Kaliakmanis	12	82	4	2029	2026	2025	2025	29	FREQUENCY	0.0	POSITIVE_VOR		0.3793103448275862
2026	Athan Kaliakmanis	12	82	4	2029	2026	2025	2025	29	NESTED	0.25	POSITIVE_VOR		0.3793103448275862
2026	Athan Kaliakmanis	12	82	4	2029	2026	2025	2025	29	CURRENT		VOR_26		0.2413793103448276
2026	Athan Kaliakmanis	12	82	4	2029	2026	2025	2025	29	FREQUENCY	0.0	VOR_26		0.2413793103448276
2026	Athan Kaliakmanis	12	82	4	2029	2026	2025	2025	29	NESTED	0.25	VOR_26		0.2413793103448276
2026	Athan Kaliakmanis	12	82	5	2030	2026	2025	2025	25	CURRENT		POSITIVE_VOR		0.36
2026	Athan Kaliakmanis	12	82	5	2030	2026	2025	2025	25	FREQUENCY	0.0	POSITIVE_VOR		0.36
2026	Athan Kaliakmanis	12	82	5	2030	2026	2025	2025	25	NESTED	0.25	POSITIVE_VOR		0.36
2026	Athan Kaliakmanis	12	82	5	2030	2026	2025	2025	25	CURRENT		VOR_26		0.2
2026	Athan Kaliakmanis	12	82	5	2030	2026	2025	2025	25	FREQUENCY	0.0	VOR_26		0.2
2026	Athan Kaliakmanis	12	82	5	2030	2026	2025	2025	25	NESTED	0.25	VOR_26		0.2
2026	Joe Fagnano	13	87	1	2026	2026	2025	2025	48	CURRENT		POSITIVE_VOR		0.22916666666666666
2026	Joe Fagnano	13	87	1	2026	2026	2025	2025	48	FREQUENCY	0.0	POSITIVE_VOR		0.22916666666666666
2026	Joe Fagnano	13	87	1	2026	2026	2025	2025	48	NESTED	0.25	POSITIVE_VOR		0.22916666666666666
2026	Joe Fagnano	13	87	1	2026	2026	2025	2025	48	CURRENT		VOR_26		0.10416666666666667
2026	Joe Fagnano	13	87	1	2026	2026	2025	2025	48	FREQUENCY	0.0	VOR_26		0.10416666666666667
2026	Joe Fagnano	13	87	1	2026	2026	2025	2025	48	NESTED	0.25	VOR_26		0.10416666666666667
2026	Joe Fagnano	13	87	2	2027	2026	2025	2025	41	CURRENT		POSITIVE_VOR		0.3902439024390244
2026	Joe Fagnano	13	87	2	2027	2026	2025	2025	41	FREQUENCY	0.0	POSITIVE_VOR		0.3902439024390244
2026	Joe Fagnano	13	87	2	2027	2026	2025	2025	41	NESTED	0.25	POSITIVE_VOR		0.3902439024390244
2026	Joe Fagnano	13	87	2	2027	2026	2025	2025	41	CURRENT		VOR_26		0.3170731707317073
2026	Joe Fagnano	13	87	2	2027	2026	2025	2025	41	FREQUENCY	0.0	VOR_26		0.3170731707317073
2026	Joe Fagnano	13	87	2	2027	2026	2025	2025	41	NESTED	0.25	VOR_26		0.3170731707317073
2026	Joe Fagnano	13	87	3	2028	2026	2025	2025	34	CURRENT		POSITIVE_VOR		0.35294117647058826
2026	Joe Fagnano	13	87	3	2028	2026	2025	2025	34	FREQUENCY	0.0	POSITIVE_VOR		0.35294117647058826
2026	Joe Fagnano	13	87	3	2028	2026	2025	2025	34	NESTED	0.25	POSITIVE_VOR		0.35294117647058826
2026	Joe Fagnano	13	87	3	2028	2026	2025	2025	34	CURRENT		VOR_26		0.20588235294117646
2026	Joe Fagnano	13	87	3	2028	2026	2025	2025	34	FREQUENCY	0.0	VOR_26		0.20588235294117646
2026	Joe Fagnano	13	87	3	2028	2026	2025	2025	34	NESTED	0.25	VOR_26		0.20588235294117646
2026	Joe Fagnano	13	87	4	2029	2026	2025	2025	29	CURRENT		POSITIVE_VOR		0.3793103448275862
2026	Joe Fagnano	13	87	4	2029	2026	2025	2025	29	FREQUENCY	0.0	POSITIVE_VOR		0.3793103448275862
2026	Joe Fagnano	13	87	4	2029	2026	2025	2025	29	NESTED	0.25	POSITIVE_VOR		0.3793103448275862
2026	Joe Fagnano	13	87	4	2029	2026	2025	2025	29	CURRENT		VOR_26		0.2413793103448276
2026	Joe Fagnano	13	87	4	2029	2026	2025	2025	29	FREQUENCY	0.0	VOR_26		0.2413793103448276
2026	Joe Fagnano	13	87	4	2029	2026	2025	2025	29	NESTED	0.25	VOR_26		0.2413793103448276
2026	Joe Fagnano	13	87	5	2030	2026	2025	2025	25	CURRENT		POSITIVE_VOR		0.36
2026	Joe Fagnano	13	87	5	2030	2026	2025	2025	25	FREQUENCY	0.0	POSITIVE_VOR		0.36
2026	Joe Fagnano	13	87	5	2030	2026	2025	2025	25	NESTED	0.25	POSITIVE_VOR		0.36
2026	Joe Fagnano	13	87	5	2030	2026	2025	2025	25	CURRENT		VOR_26		0.2
2026	Joe Fagnano	13	87	5	2030	2026	2025	2025	25	FREQUENCY	0.0	VOR_26		0.2
2026	Joe Fagnano	13	87	5	2030	2026	2025	2025	25	NESTED	0.25	VOR_26		0.2
2026	Behren Morton	14	93	1	2026	2026	2025	2025	48	CURRENT		POSITIVE_VOR		0.22916666666666666
2026	Behren Morton	14	93	1	2026	2026	2025	2025	48	FREQUENCY	0.0	POSITIVE_VOR		0.22916666666666666
2026	Behren Morton	14	93	1	2026	2026	2025	2025	48	NESTED	0.25	POSITIVE_VOR		0.22916666666666666
2026	Behren Morton	14	93	1	2026	2026	2025	2025	48	CURRENT		VOR_26		0.10416666666666667
2026	Behren Morton	14	93	1	2026	2026	2025	2025	48	FREQUENCY	0.0	VOR_26		0.10416666666666667
2026	Behren Morton	14	93	1	2026	2026	2025	2025	48	NESTED	0.25	VOR_26		0.10416666666666667
2026	Behren Morton	14	93	2	2027	2026	2025	2025	41	CURRENT		POSITIVE_VOR		0.3902439024390244
2026	Behren Morton	14	93	2	2027	2026	2025	2025	41	FREQUENCY	0.0	POSITIVE_VOR		0.3902439024390244
2026	Behren Morton	14	93	2	2027	2026	2025	2025	41	NESTED	0.25	POSITIVE_VOR		0.3902439024390244
2026	Behren Morton	14	93	2	2027	2026	2025	2025	41	CURRENT		VOR_26		0.3170731707317073
2026	Behren Morton	14	93	2	2027	2026	2025	2025	41	FREQUENCY	0.0	VOR_26		0.3170731707317073
2026	Behren Morton	14	93	2	2027	2026	2025	2025	41	NESTED	0.25	VOR_26		0.3170731707317073
2026	Behren Morton	14	93	3	2028	2026	2025	2025	34	CURRENT		POSITIVE_VOR		0.35294117647058826
2026	Behren Morton	14	93	3	2028	2026	2025	2025	34	FREQUENCY	0.0	POSITIVE_VOR		0.35294117647058826
2026	Behren Morton	14	93	3	2028	2026	2025	2025	34	NESTED	0.25	POSITIVE_VOR		0.35294117647058826
2026	Behren Morton	14	93	3	2028	2026	2025	2025	34	CURRENT		VOR_26		0.20588235294117646
2026	Behren Morton	14	93	3	2028	2026	2025	2025	34	FREQUENCY	0.0	VOR_26		0.20588235294117646
2026	Behren Morton	14	93	3	2028	2026	2025	2025	34	NESTED	0.25	VOR_26		0.20588235294117646
2026	Behren Morton	14	93	4	2029	2026	2025	2025	29	CURRENT		POSITIVE_VOR		0.3793103448275862
2026	Behren Morton	14	93	4	2029	2026	2025	2025	29	FREQUENCY	0.0	POSITIVE_VOR		0.3793103448275862
2026	Behren Morton	14	93	4	2029	2026	2025	2025	29	NESTED	0.25	POSITIVE_VOR		0.3793103448275862
2026	Behren Morton	14	93	4	2029	2026	2025	2025	29	CURRENT		VOR_26		0.2413793103448276
2026	Behren Morton	14	93	4	2029	2026	2025	2025	29	FREQUENCY	0.0	VOR_26		0.2413793103448276
2026	Behren Morton	14	93	4	2029	2026	2025	2025	29	NESTED	0.25	VOR_26		0.2413793103448276
2026	Behren Morton	14	93	5	2030	2026	2025	2025	25	CURRENT		POSITIVE_VOR		0.36
2026	Behren Morton	14	93	5	2030	2026	2025	2025	25	FREQUENCY	0.0	POSITIVE_VOR		0.36
2026	Behren Morton	14	93	5	2030	2026	2025	2025	25	NESTED	0.25	POSITIVE_VOR		0.36
2026	Behren Morton	14	93	5	2030	2026	2025	2025	25	CURRENT		VOR_26		0.2
2026	Behren Morton	14	93	5	2030	2026	2025	2025	25	FREQUENCY	0.0	VOR_26		0.2
2026	Behren Morton	14	93	5	2030	2026	2025	2025	25	NESTED	0.25	VOR_26		0.2
2026	Mark Gronowski	15	95	1	2026	2026	2025	2025	48	CURRENT		POSITIVE_VOR		0.22916666666666666
2026	Mark Gronowski	15	95	1	2026	2026	2025	2025	48	FREQUENCY	0.0	POSITIVE_VOR		0.22916666666666666
2026	Mark Gronowski	15	95	1	2026	2026	2025	2025	48	NESTED	0.25	POSITIVE_VOR		0.22916666666666666
2026	Mark Gronowski	15	95	1	2026	2026	2025	2025	48	CURRENT		VOR_26		0.10416666666666667
2026	Mark Gronowski	15	95	1	2026	2026	2025	2025	48	FREQUENCY	0.0	VOR_26		0.10416666666666667
2026	Mark Gronowski	15	95	1	2026	2026	2025	2025	48	NESTED	0.25	VOR_26		0.10416666666666667
2026	Mark Gronowski	15	95	2	2027	2026	2025	2025	41	CURRENT		POSITIVE_VOR		0.3902439024390244
2026	Mark Gronowski	15	95	2	2027	2026	2025	2025	41	FREQUENCY	0.0	POSITIVE_VOR		0.3902439024390244
2026	Mark Gronowski	15	95	2	2027	2026	2025	2025	41	NESTED	0.25	POSITIVE_VOR		0.3902439024390244
2026	Mark Gronowski	15	95	2	2027	2026	2025	2025	41	CURRENT		VOR_26		0.3170731707317073
2026	Mark Gronowski	15	95	2	2027	2026	2025	2025	41	FREQUENCY	0.0	VOR_26		0.3170731707317073
2026	Mark Gronowski	15	95	2	2027	2026	2025	2025	41	NESTED	0.25	VOR_26		0.3170731707317073
2026	Mark Gronowski	15	95	3	2028	2026	2025	2025	34	CURRENT		POSITIVE_VOR		0.35294117647058826
2026	Mark Gronowski	15	95	3	2028	2026	2025	2025	34	FREQUENCY	0.0	POSITIVE_VOR		0.35294117647058826
2026	Mark Gronowski	15	95	3	2028	2026	2025	2025	34	NESTED	0.25	POSITIVE_VOR		0.35294117647058826
2026	Mark Gronowski	15	95	3	2028	2026	2025	2025	34	CURRENT		VOR_26		0.20588235294117646
2026	Mark Gronowski	15	95	3	2028	2026	2025	2025	34	FREQUENCY	0.0	VOR_26		0.20588235294117646
2026	Mark Gronowski	15	95	3	2028	2026	2025	2025	34	NESTED	0.25	VOR_26		0.20588235294117646
2026	Mark Gronowski	15	95	4	2029	2026	2025	2025	29	CURRENT		POSITIVE_VOR		0.3793103448275862
2026	Mark Gronowski	15	95	4	2029	2026	2025	2025	29	FREQUENCY	0.0	POSITIVE_VOR		0.3793103448275862
2026	Mark Gronowski	15	95	4	2029	2026	2025	2025	29	NESTED	0.25	POSITIVE_VOR		0.3793103448275862
2026	Mark Gronowski	15	95	4	2029	2026	2025	2025	29	CURRENT		VOR_26		0.2413793103448276
2026	Mark Gronowski	15	95	4	2029	2026	2025	2025	29	FREQUENCY	0.0	VOR_26		0.2413793103448276
2026	Mark Gronowski	15	95	4	2029	2026	2025	2025	29	NESTED	0.25	VOR_26		0.2413793103448276
2026	Mark Gronowski	15	95	5	2030	2026	2025	2025	25	CURRENT		POSITIVE_VOR		0.36
2026	Mark Gronowski	15	95	5	2030	2026	2025	2025	25	FREQUENCY	0.0	POSITIVE_VOR		0.36
2026	Mark Gronowski	15	95	5	2030	2026	2025	2025	25	NESTED	0.25	POSITIVE_VOR		0.36
2026	Mark Gronowski	15	95	5	2030	2026	2025	2025	25	CURRENT		VOR_26		0.2
2026	Mark Gronowski	15	95	5	2030	2026	2025	2025	25	FREQUENCY	0.0	VOR_26		0.2
2026	Mark Gronowski	15	95	5	2030	2026	2025	2025	25	NESTED	0.25	VOR_26		0.2
2026	Arch Manning	16	97	1	2026	2026	2025	2025	48	CURRENT		POSITIVE_VOR		0.22916666666666666
2026	Arch Manning	16	97	1	2026	2026	2025	2025	48	FREQUENCY	0.0	POSITIVE_VOR		0.22916666666666666
2026	Arch Manning	16	97	1	2026	2026	2025	2025	48	NESTED	0.25	POSITIVE_VOR		0.22916666666666666
2026	Arch Manning	16	97	1	2026	2026	2025	2025	48	CURRENT		VOR_26		0.10416666666666667
2026	Arch Manning	16	97	1	2026	2026	2025	2025	48	FREQUENCY	0.0	VOR_26		0.10416666666666667
2026	Arch Manning	16	97	1	2026	2026	2025	2025	48	NESTED	0.25	VOR_26		0.10416666666666667
2026	Arch Manning	16	97	2	2027	2026	2025	2025	41	CURRENT		POSITIVE_VOR		0.3902439024390244
2026	Arch Manning	16	97	2	2027	2026	2025	2025	41	FREQUENCY	0.0	POSITIVE_VOR		0.3902439024390244
2026	Arch Manning	16	97	2	2027	2026	2025	2025	41	NESTED	0.25	POSITIVE_VOR		0.3902439024390244
2026	Arch Manning	16	97	2	2027	2026	2025	2025	41	CURRENT		VOR_26		0.3170731707317073
2026	Arch Manning	16	97	2	2027	2026	2025	2025	41	FREQUENCY	0.0	VOR_26		0.3170731707317073
2026	Arch Manning	16	97	2	2027	2026	2025	2025	41	NESTED	0.25	VOR_26		0.3170731707317073
2026	Arch Manning	16	97	3	2028	2026	2025	2025	34	CURRENT		POSITIVE_VOR		0.35294117647058826
2026	Arch Manning	16	97	3	2028	2026	2025	2025	34	FREQUENCY	0.0	POSITIVE_VOR		0.35294117647058826
2026	Arch Manning	16	97	3	2028	2026	2025	2025	34	NESTED	0.25	POSITIVE_VOR		0.35294117647058826
2026	Arch Manning	16	97	3	2028	2026	2025	2025	34	CURRENT		VOR_26		0.20588235294117646
2026	Arch Manning	16	97	3	2028	2026	2025	2025	34	FREQUENCY	0.0	VOR_26		0.20588235294117646
2026	Arch Manning	16	97	3	2028	2026	2025	2025	34	NESTED	0.25	VOR_26		0.20588235294117646
2026	Arch Manning	16	97	4	2029	2026	2025	2025	29	CURRENT		POSITIVE_VOR		0.3793103448275862
2026	Arch Manning	16	97	4	2029	2026	2025	2025	29	FREQUENCY	0.0	POSITIVE_VOR		0.3793103448275862
2026	Arch Manning	16	97	4	2029	2026	2025	2025	29	NESTED	0.25	POSITIVE_VOR		0.3793103448275862
2026	Arch Manning	16	97	4	2029	2026	2025	2025	29	CURRENT		VOR_26		0.2413793103448276
2026	Arch Manning	16	97	4	2029	2026	2025	2025	29	FREQUENCY	0.0	VOR_26		0.2413793103448276
2026	Arch Manning	16	97	4	2029	2026	2025	2025	29	NESTED	0.25	VOR_26		0.2413793103448276
2026	Arch Manning	16	97	5	2030	2026	2025	2025	25	CURRENT		POSITIVE_VOR		0.36
2026	Arch Manning	16	97	5	2030	2026	2025	2025	25	FREQUENCY	0.0	POSITIVE_VOR		0.36
2026	Arch Manning	16	97	5	2030	2026	2025	2025	25	NESTED	0.25	POSITIVE_VOR		0.36
2026	Arch Manning	16	97	5	2030	2026	2025	2025	25	CURRENT		VOR_26		0.2
2026	Arch Manning	16	97	5	2030	2026	2025	2025	25	FREQUENCY	0.0	VOR_26		0.2
2026	Arch Manning	16	97	5	2030	2026	2025	2025	25	NESTED	0.25	VOR_26		0.2
2026	Malachi Nelson	17	118	1	2026	2026	2025	2025	48	CURRENT		POSITIVE_VOR		0.22916666666666666
2026	Malachi Nelson	17	118	1	2026	2026	2025	2025	48	FREQUENCY	0.0	POSITIVE_VOR		0.22916666666666666
2026	Malachi Nelson	17	118	1	2026	2026	2025	2025	48	NESTED	0.25	POSITIVE_VOR		0.22916666666666666
2026	Malachi Nelson	17	118	1	2026	2026	2025	2025	48	CURRENT		VOR_26		0.10416666666666667
2026	Malachi Nelson	17	118	1	2026	2026	2025	2025	48	FREQUENCY	0.0	VOR_26		0.10416666666666667
2026	Malachi Nelson	17	118	1	2026	2026	2025	2025	48	NESTED	0.25	VOR_26		0.10416666666666667
2026	Malachi Nelson	17	118	2	2027	2026	2025	2025	41	CURRENT		POSITIVE_VOR		0.3902439024390244
2026	Malachi Nelson	17	118	2	2027	2026	2025	2025	41	FREQUENCY	0.0	POSITIVE_VOR		0.3902439024390244
2026	Malachi Nelson	17	118	2	2027	2026	2025	2025	41	NESTED	0.25	POSITIVE_VOR		0.3902439024390244
2026	Malachi Nelson	17	118	2	2027	2026	2025	2025	41	CURRENT		VOR_26		0.3170731707317073
2026	Malachi Nelson	17	118	2	2027	2026	2025	2025	41	FREQUENCY	0.0	VOR_26		0.3170731707317073
2026	Malachi Nelson	17	118	2	2027	2026	2025	2025	41	NESTED	0.25	VOR_26		0.3170731707317073
2026	Malachi Nelson	17	118	3	2028	2026	2025	2025	34	CURRENT		POSITIVE_VOR		0.35294117647058826
2026	Malachi Nelson	17	118	3	2028	2026	2025	2025	34	FREQUENCY	0.0	POSITIVE_VOR		0.35294117647058826
2026	Malachi Nelson	17	118	3	2028	2026	2025	2025	34	NESTED	0.25	POSITIVE_VOR		0.35294117647058826
2026	Malachi Nelson	17	118	3	2028	2026	2025	2025	34	CURRENT		VOR_26		0.20588235294117646
2026	Malachi Nelson	17	118	3	2028	2026	2025	2025	34	FREQUENCY	0.0	VOR_26		0.20588235294117646
2026	Malachi Nelson	17	118	3	2028	2026	2025	2025	34	NESTED	0.25	VOR_26		0.20588235294117646
2026	Malachi Nelson	17	118	4	2029	2026	2025	2025	29	CURRENT		POSITIVE_VOR		0.3793103448275862
2026	Malachi Nelson	17	118	4	2029	2026	2025	2025	29	FREQUENCY	0.0	POSITIVE_VOR		0.3793103448275862
2026	Malachi Nelson	17	118	4	2029	2026	2025	2025	29	NESTED	0.25	POSITIVE_VOR		0.3793103448275862
2026	Malachi Nelson	17	118	4	2029	2026	2025	2025	29	CURRENT		VOR_26		0.2413793103448276
2026	Malachi Nelson	17	118	4	2029	2026	2025	2025	29	FREQUENCY	0.0	VOR_26		0.2413793103448276
2026	Malachi Nelson	17	118	4	2029	2026	2025	2025	29	NESTED	0.25	VOR_26		0.2413793103448276
2026	Malachi Nelson	17	118	5	2030	2026	2025	2025	25	CURRENT		POSITIVE_VOR		0.36
2026	Malachi Nelson	17	118	5	2030	2026	2025	2025	25	FREQUENCY	0.0	POSITIVE_VOR		0.36
2026	Malachi Nelson	17	118	5	2030	2026	2025	2025	25	NESTED	0.25	POSITIVE_VOR		0.36
2026	Malachi Nelson	17	118	5	2030	2026	2025	2025	25	CURRENT		VOR_26		0.2
2026	Malachi Nelson	17	118	5	2030	2026	2025	2025	25	FREQUENCY	0.0	VOR_26		0.2
2026	Malachi Nelson	17	118	5	2030	2026	2025	2025	25	NESTED	0.25	VOR_26		0.2
2026	Jake Retzlaff	18	120	1	2026	2026	2025	2025	48	CURRENT		POSITIVE_VOR		0.22916666666666666
2026	Jake Retzlaff	18	120	1	2026	2026	2025	2025	48	FREQUENCY	0.0	POSITIVE_VOR		0.22916666666666666
2026	Jake Retzlaff	18	120	1	2026	2026	2025	2025	48	NESTED	0.25	POSITIVE_VOR		0.22916666666666666
2026	Jake Retzlaff	18	120	1	2026	2026	2025	2025	48	CURRENT		VOR_26		0.10416666666666667
2026	Jake Retzlaff	18	120	1	2026	2026	2025	2025	48	FREQUENCY	0.0	VOR_26		0.10416666666666667
2026	Jake Retzlaff	18	120	1	2026	2026	2025	2025	48	NESTED	0.25	VOR_26		0.10416666666666667
2026	Jake Retzlaff	18	120	2	2027	2026	2025	2025	41	CURRENT		POSITIVE_VOR		0.3902439024390244
2026	Jake Retzlaff	18	120	2	2027	2026	2025	2025	41	FREQUENCY	0.0	POSITIVE_VOR		0.3902439024390244
2026	Jake Retzlaff	18	120	2	2027	2026	2025	2025	41	NESTED	0.25	POSITIVE_VOR		0.3902439024390244
2026	Jake Retzlaff	18	120	2	2027	2026	2025	2025	41	CURRENT		VOR_26		0.3170731707317073
2026	Jake Retzlaff	18	120	2	2027	2026	2025	2025	41	FREQUENCY	0.0	VOR_26		0.3170731707317073
2026	Jake Retzlaff	18	120	2	2027	2026	2025	2025	41	NESTED	0.25	VOR_26		0.3170731707317073
2026	Jake Retzlaff	18	120	3	2028	2026	2025	2025	34	CURRENT		POSITIVE_VOR		0.35294117647058826
2026	Jake Retzlaff	18	120	3	2028	2026	2025	2025	34	FREQUENCY	0.0	POSITIVE_VOR		0.35294117647058826
2026	Jake Retzlaff	18	120	3	2028	2026	2025	2025	34	NESTED	0.25	POSITIVE_VOR		0.35294117647058826
2026	Jake Retzlaff	18	120	3	2028	2026	2025	2025	34	CURRENT		VOR_26		0.20588235294117646
2026	Jake Retzlaff	18	120	3	2028	2026	2025	2025	34	FREQUENCY	0.0	VOR_26		0.20588235294117646
2026	Jake Retzlaff	18	120	3	2028	2026	2025	2025	34	NESTED	0.25	VOR_26		0.20588235294117646
2026	Jake Retzlaff	18	120	4	2029	2026	2025	2025	29	CURRENT		POSITIVE_VOR		0.3793103448275862
2026	Jake Retzlaff	18	120	4	2029	2026	2025	2025	29	FREQUENCY	0.0	POSITIVE_VOR		0.3793103448275862
2026	Jake Retzlaff	18	120	4	2029	2026	2025	2025	29	NESTED	0.25	POSITIVE_VOR		0.3793103448275862
2026	Jake Retzlaff	18	120	4	2029	2026	2025	2025	29	CURRENT		VOR_26		0.2413793103448276
2026	Jake Retzlaff	18	120	4	2029	2026	2025	2025	29	FREQUENCY	0.0	VOR_26		0.2413793103448276
2026	Jake Retzlaff	18	120	4	2029	2026	2025	2025	29	NESTED	0.25	VOR_26		0.2413793103448276
2026	Jake Retzlaff	18	120	5	2030	2026	2025	2025	25	CURRENT		POSITIVE_VOR		0.36
2026	Jake Retzlaff	18	120	5	2030	2026	2025	2025	25	FREQUENCY	0.0	POSITIVE_VOR		0.36
2026	Jake Retzlaff	18	120	5	2030	2026	2025	2025	25	NESTED	0.25	POSITIVE_VOR		0.36
2026	Jake Retzlaff	18	120	5	2030	2026	2025	2025	25	CURRENT		VOR_26		0.2
2026	Jake Retzlaff	18	120	5	2030	2026	2025	2025	25	FREQUENCY	0.0	VOR_26		0.2
2026	Jake Retzlaff	18	120	5	2030	2026	2025	2025	25	NESTED	0.25	VOR_26		0.2
2026	Tommy Castellanos	19	123	1	2026	2026	2025	2025	48	CURRENT		POSITIVE_VOR		0.22916666666666666
2026	Tommy Castellanos	19	123	1	2026	2026	2025	2025	48	FREQUENCY	0.0	POSITIVE_VOR		0.22916666666666666
2026	Tommy Castellanos	19	123	1	2026	2026	2025	2025	48	NESTED	0.25	POSITIVE_VOR		0.22916666666666666
2026	Tommy Castellanos	19	123	1	2026	2026	2025	2025	48	CURRENT		VOR_26		0.10416666666666667
2026	Tommy Castellanos	19	123	1	2026	2026	2025	2025	48	FREQUENCY	0.0	VOR_26		0.10416666666666667
2026	Tommy Castellanos	19	123	1	2026	2026	2025	2025	48	NESTED	0.25	VOR_26		0.10416666666666667
2026	Tommy Castellanos	19	123	2	2027	2026	2025	2025	41	CURRENT		POSITIVE_VOR		0.3902439024390244
2026	Tommy Castellanos	19	123	2	2027	2026	2025	2025	41	FREQUENCY	0.0	POSITIVE_VOR		0.3902439024390244
2026	Tommy Castellanos	19	123	2	2027	2026	2025	2025	41	NESTED	0.25	POSITIVE_VOR		0.3902439024390244
2026	Tommy Castellanos	19	123	2	2027	2026	2025	2025	41	CURRENT		VOR_26		0.3170731707317073
2026	Tommy Castellanos	19	123	2	2027	2026	2025	2025	41	FREQUENCY	0.0	VOR_26		0.3170731707317073
2026	Tommy Castellanos	19	123	2	2027	2026	2025	2025	41	NESTED	0.25	VOR_26		0.3170731707317073
2026	Tommy Castellanos	19	123	3	2028	2026	2025	2025	34	CURRENT		POSITIVE_VOR		0.35294117647058826
2026	Tommy Castellanos	19	123	3	2028	2026	2025	2025	34	FREQUENCY	0.0	POSITIVE_VOR		0.35294117647058826
2026	Tommy Castellanos	19	123	3	2028	2026	2025	2025	34	NESTED	0.25	POSITIVE_VOR		0.35294117647058826
2026	Tommy Castellanos	19	123	3	2028	2026	2025	2025	34	CURRENT		VOR_26		0.20588235294117646
2026	Tommy Castellanos	19	123	3	2028	2026	2025	2025	34	FREQUENCY	0.0	VOR_26		0.20588235294117646
2026	Tommy Castellanos	19	123	3	2028	2026	2025	2025	34	NESTED	0.25	VOR_26		0.20588235294117646
2026	Tommy Castellanos	19	123	4	2029	2026	2025	2025	29	CURRENT		POSITIVE_VOR		0.3793103448275862
2026	Tommy Castellanos	19	123	4	2029	2026	2025	2025	29	FREQUENCY	0.0	POSITIVE_VOR		0.3793103448275862
2026	Tommy Castellanos	19	123	4	2029	2026	2025	2025	29	NESTED	0.25	POSITIVE_VOR		0.3793103448275862
2026	Tommy Castellanos	19	123	4	2029	2026	2025	2025	29	CURRENT		VOR_26		0.2413793103448276
2026	Tommy Castellanos	19	123	4	2029	2026	2025	2025	29	FREQUENCY	0.0	VOR_26		0.2413793103448276
2026	Tommy Castellanos	19	123	4	2029	2026	2025	2025	29	NESTED	0.25	VOR_26		0.2413793103448276
2026	Tommy Castellanos	19	123	5	2030	2026	2025	2025	25	CURRENT		POSITIVE_VOR		0.36
2026	Tommy Castellanos	19	123	5	2030	2026	2025	2025	25	FREQUENCY	0.0	POSITIVE_VOR		0.36
2026	Tommy Castellanos	19	123	5	2030	2026	2025	2025	25	NESTED	0.25	POSITIVE_VOR		0.36
2026	Tommy Castellanos	19	123	5	2030	2026	2025	2025	25	CURRENT		VOR_26		0.2
2026	Tommy Castellanos	19	123	5	2030	2026	2025	2025	25	FREQUENCY	0.0	VOR_26		0.2
2026	Tommy Castellanos	19	123	5	2030	2026	2025	2025	25	NESTED	0.25	VOR_26		0.2
2026	Kyron Drones	20	124	1	2026	2026	2025	2025	48	CURRENT		POSITIVE_VOR		0.22916666666666666
2026	Kyron Drones	20	124	1	2026	2026	2025	2025	48	FREQUENCY	0.0	POSITIVE_VOR		0.22916666666666666
2026	Kyron Drones	20	124	1	2026	2026	2025	2025	48	NESTED	0.25	POSITIVE_VOR		0.22916666666666666
2026	Kyron Drones	20	124	1	2026	2026	2025	2025	48	CURRENT		VOR_26		0.10416666666666667
2026	Kyron Drones	20	124	1	2026	2026	2025	2025	48	FREQUENCY	0.0	VOR_26		0.10416666666666667
2026	Kyron Drones	20	124	1	2026	2026	2025	2025	48	NESTED	0.25	VOR_26		0.10416666666666667
2026	Kyron Drones	20	124	2	2027	2026	2025	2025	41	CURRENT		POSITIVE_VOR		0.3902439024390244
2026	Kyron Drones	20	124	2	2027	2026	2025	2025	41	FREQUENCY	0.0	POSITIVE_VOR		0.3902439024390244
2026	Kyron Drones	20	124	2	2027	2026	2025	2025	41	NESTED	0.25	POSITIVE_VOR		0.3902439024390244
2026	Kyron Drones	20	124	2	2027	2026	2025	2025	41	CURRENT		VOR_26		0.3170731707317073
2026	Kyron Drones	20	124	2	2027	2026	2025	2025	41	FREQUENCY	0.0	VOR_26		0.3170731707317073
2026	Kyron Drones	20	124	2	2027	2026	2025	2025	41	NESTED	0.25	VOR_26		0.3170731707317073
2026	Kyron Drones	20	124	3	2028	2026	2025	2025	34	CURRENT		POSITIVE_VOR		0.35294117647058826
2026	Kyron Drones	20	124	3	2028	2026	2025	2025	34	FREQUENCY	0.0	POSITIVE_VOR		0.35294117647058826
2026	Kyron Drones	20	124	3	2028	2026	2025	2025	34	NESTED	0.25	POSITIVE_VOR		0.35294117647058826
2026	Kyron Drones	20	124	3	2028	2026	2025	2025	34	CURRENT		VOR_26		0.20588235294117646
2026	Kyron Drones	20	124	3	2028	2026	2025	2025	34	FREQUENCY	0.0	VOR_26		0.20588235294117646
2026	Kyron Drones	20	124	3	2028	2026	2025	2025	34	NESTED	0.25	VOR_26		0.20588235294117646
2026	Kyron Drones	20	124	4	2029	2026	2025	2025	29	CURRENT		POSITIVE_VOR		0.3793103448275862
2026	Kyron Drones	20	124	4	2029	2026	2025	2025	29	FREQUENCY	0.0	POSITIVE_VOR		0.3793103448275862
2026	Kyron Drones	20	124	4	2029	2026	2025	2025	29	NESTED	0.25	POSITIVE_VOR		0.3793103448275862
2026	Kyron Drones	20	124	4	2029	2026	2025	2025	29	CURRENT		VOR_26		0.2413793103448276
2026	Kyron Drones	20	124	4	2029	2026	2025	2025	29	FREQUENCY	0.0	VOR_26		0.2413793103448276
2026	Kyron Drones	20	124	4	2029	2026	2025	2025	29	NESTED	0.25	VOR_26		0.2413793103448276
2026	Kyron Drones	20	124	5	2030	2026	2025	2025	25	CURRENT		POSITIVE_VOR		0.36
2026	Kyron Drones	20	124	5	2030	2026	2025	2025	25	FREQUENCY	0.0	POSITIVE_VOR		0.36
2026	Kyron Drones	20	124	5	2030	2026	2025	2025	25	NESTED	0.25	POSITIVE_VOR		0.36
2026	Kyron Drones	20	124	5	2030	2026	2025	2025	25	CURRENT		VOR_26		0.2
2026	Kyron Drones	20	124	5	2030	2026	2025	2025	25	FREQUENCY	0.0	VOR_26		0.2
2026	Kyron Drones	20	124	5	2030	2026	2025	2025	25	NESTED	0.25	VOR_26		0.2
2026	Joey Aguilar	21	136	1	2026	2026	2025	2025	48	CURRENT		POSITIVE_VOR		0.22916666666666666
2026	Joey Aguilar	21	136	1	2026	2026	2025	2025	48	FREQUENCY	0.0	POSITIVE_VOR		0.22916666666666666
2026	Joey Aguilar	21	136	1	2026	2026	2025	2025	48	NESTED	0.25	POSITIVE_VOR		0.22916666666666666
2026	Joey Aguilar	21	136	1	2026	2026	2025	2025	48	CURRENT		VOR_26		0.10416666666666667
2026	Joey Aguilar	21	136	1	2026	2026	2025	2025	48	FREQUENCY	0.0	VOR_26		0.10416666666666667
2026	Joey Aguilar	21	136	1	2026	2026	2025	2025	48	NESTED	0.25	VOR_26		0.10416666666666667
2026	Joey Aguilar	21	136	2	2027	2026	2025	2025	41	CURRENT		POSITIVE_VOR		0.3902439024390244
2026	Joey Aguilar	21	136	2	2027	2026	2025	2025	41	FREQUENCY	0.0	POSITIVE_VOR		0.3902439024390244
2026	Joey Aguilar	21	136	2	2027	2026	2025	2025	41	NESTED	0.25	POSITIVE_VOR		0.3902439024390244
2026	Joey Aguilar	21	136	2	2027	2026	2025	2025	41	CURRENT		VOR_26		0.3170731707317073
2026	Joey Aguilar	21	136	2	2027	2026	2025	2025	41	FREQUENCY	0.0	VOR_26		0.3170731707317073
2026	Joey Aguilar	21	136	2	2027	2026	2025	2025	41	NESTED	0.25	VOR_26		0.3170731707317073
2026	Joey Aguilar	21	136	3	2028	2026	2025	2025	34	CURRENT		POSITIVE_VOR		0.35294117647058826
2026	Joey Aguilar	21	136	3	2028	2026	2025	2025	34	FREQUENCY	0.0	POSITIVE_VOR		0.35294117647058826
2026	Joey Aguilar	21	136	3	2028	2026	2025	2025	34	NESTED	0.25	POSITIVE_VOR		0.35294117647058826
2026	Joey Aguilar	21	136	3	2028	2026	2025	2025	34	CURRENT		VOR_26		0.20588235294117646
2026	Joey Aguilar	21	136	3	2028	2026	2025	2025	34	FREQUENCY	0.0	VOR_26		0.20588235294117646
2026	Joey Aguilar	21	136	3	2028	2026	2025	2025	34	NESTED	0.25	VOR_26		0.20588235294117646
2026	Joey Aguilar	21	136	4	2029	2026	2025	2025	29	CURRENT		POSITIVE_VOR		0.3793103448275862
2026	Joey Aguilar	21	136	4	2029	2026	2025	2025	29	FREQUENCY	0.0	POSITIVE_VOR		0.3793103448275862
2026	Joey Aguilar	21	136	4	2029	2026	2025	2025	29	NESTED	0.25	POSITIVE_VOR		0.3793103448275862
2026	Joey Aguilar	21	136	4	2029	2026	2025	2025	29	CURRENT		VOR_26		0.2413793103448276
2026	Joey Aguilar	21	136	4	2029	2026	2025	2025	29	FREQUENCY	0.0	VOR_26		0.2413793103448276
2026	Joey Aguilar	21	136	4	2029	2026	2025	2025	29	NESTED	0.25	VOR_26		0.2413793103448276
2026	Joey Aguilar	21	136	5	2030	2026	2025	2025	25	CURRENT		POSITIVE_VOR		0.36
2026	Joey Aguilar	21	136	5	2030	2026	2025	2025	25	FREQUENCY	0.0	POSITIVE_VOR		0.36
2026	Joey Aguilar	21	136	5	2030	2026	2025	2025	25	NESTED	0.25	POSITIVE_VOR		0.36
2026	Joey Aguilar	21	136	5	2030	2026	2025	2025	25	CURRENT		VOR_26		0.2
2026	Joey Aguilar	21	136	5	2030	2026	2025	2025	25	FREQUENCY	0.0	VOR_26		0.2
2026	Joey Aguilar	21	136	5	2030	2026	2025	2025	25	NESTED	0.25	VOR_26		0.2
