outer	inner	strength	eligible	scored	latestLabelSeason	brier	selected
2026	2017	0.0	40	0	2021		false
2026	2017	0.25	40	0	2021		true
2026	2017	0.5	40	0	2021		false
2026	2017	0.75	40	0	2021		false
2026	2017	1.0	40	0	2021		false
2026	2018	0.0	60	0	2022		false
2026	2018	0.25	60	0	2022		true
2026	2018	0.5	60	0	2022		false
2026	2018	0.75	60	0	2022		false
2026	2018	1.0	60	0	2022		false
2026	2019	0.0	40	6	2023	0.12500000000000003	false
2026	2019	0.25	40	6	2023	0.13351246628953536	true
2026	2019	0.5	40	6	2023	0.14324772410448958	false
2026	2019	0.75	40	6	2023	0.1542057734448626	false
2026	2019	1.0	40	6	2023	0.16638661431065446	false
2026	2020	0.0	50	20	2024	0.23775510204081635	false
2026	2020	0.25	50	20	2024	0.23709621587177807	true
2026	2020	0.5	50	20	2024	0.23841474611912034	false
2026	2020	0.75	50	20	2024	0.24171069278284335	false
2026	2020	1.0	50	20	2024	0.2469840558629469	false
2026	2021	0.0	60	32	2025	0.1498327350330714	false
2026	2021	0.25	60	32	2025	0.13536656379146916	true
2026	2021	0.5	60	32	2025	0.12367795434695576	false
2026	2021	0.75	60	32	2025	0.11476690669953127	false
2026	2021	1.0	60	32	2025	0.10863342084919571	false
2026	2022	0.0	32	32	2025	0.13767445870314884	false
2026	2022	0.25	32	32	2025	0.14560456986169737	true
2026	2022	0.5	32	32	2025	0.15668463979238492	false
2026	2022	0.75	32	32	2025	0.17091466849521142	false
2026	2022	1.0	32	32	2025	0.18829465597017703	false
2026	2023	0.0	30	30	2025	0.188320330082356	false
2026	2023	0.25	30	30	2025	0.18683197110431315	true
2026	2023	0.5	30	30	2025	0.18763362142981863	false
2026	2023	0.75	30	30	2025	0.19072528105887238	false
2026	2023	1.0	30	30	2025	0.19610694999147435	false
2026	2024	0.0	28	28	2025	0.20175781720675953	false
2026	2024	0.25	28	28	2025	0.19808361468855112	true
2026	2024	0.5	28	28	2025	0.19593274466018681	false
2026	2024	0.75	28	28	2025	0.19530520712166657	false
2026	2024	1.0	28	28	2025	0.1962010020729906	false
2026	2025	0.0	14	14	2025	0.07376561570493755	false
2026	2025	0.25	14	14	2025	0.07060289084501284	true
2026	2025	0.5	14	14	2025	0.06907454756680317	false
2026	2025	0.75	14	14	2025	0.06918058587030855	false
2026	2025	1.0	14	14	2025	0.07092100575552893	false
