RK	TIERS	PLAYER NAME	TEAM	POS	AGE
1	1	Ja'Marr Chase	CIN	WR1	25
2	1	Justin Jefferson	MIN	WR2	26
3	1	Malik Nabers	NYG	WR3	22
4	1	CeeDee Lamb	DAL	WR4	26
5	1	Bijan Robinson	ATL	RB1	23
6	2	Jahmyr Gibbs	DET	RB2	23
7	2	Ashton Jeanty	LV	RB3	21
8	2	Puka Nacua	LAR	WR5	24
9	2	Brian Thomas Jr.	JAC	WR6	22
10	2	Amon-Ra St. Brown	DET	WR7	25
11	3	Nico Collins	HOU	WR8	26
12	3	Drake London	ATL	WR9	24
13	3	Saquon Barkley	PHI	RB4	28
14	3	De'Von Achane	MIA	RB5	23
15	3	Brock Bowers	LV	TE1	22
16	3	Ladd McConkey	LAC	WR10	23
17	3	Jaxon Smith-Njigba	SEA	WR11	23
18	3	A.J. Brown	PHI	WR12	28
19	3	Garrett Wilson	NYJ	WR13	25
20	3	Omarion Hampton	LAC	RB6	22
21	4	Marvin Harrison Jr.	ARI	WR14	23
22	4	Josh Allen	BUF	QB1	29
23	4	Bucky Irving	TB	RB7	23
24	4	Lamar Jackson	BAL	QB2	28
25	4	Tetairoa McMillan	CAR	WR15	22
26	4	Jonathan Taylor	IND	RB8	26
27	4	Breece Hall	NYJ	RB9	24
28	4	Trey McBride	ARI	TE2	25
29	4	Travis Hunter	JAC	WR16	22
30	4	Tee Higgins	CIN	WR17	26
31	4	Jayden Daniels	WAS	QB3	24
32	4	Rashee Rice	KC	WR18	25
33	5	DeVonta Smith	PHI	WR19	26
34	5	Zay Flowers	BAL	WR20	24
35	5	Joe Burrow	CIN	QB4	28
36	5	Jalen Hurts	PHI	QB5	27
37	5	Rome Odunze	CHI	WR21	23
38	5	Kyren Williams	LAR	RB10	24
39	5	Sam LaPorta	DET	TE3	24
40	5	Chase Brown	CIN	RB11	25
41	5	TreVeyon Henderson	NE	RB12	22
42	5	DK Metcalf	PIT	WR22	27
43	5	Xavier Worthy	KC	WR23	22
44	5	James Cook	BUF	RB13	25
45	5	Jordan Addison	MIN	WR24	23
46	5	Patrick Mahomes II	KC	QB6	29
47	5	Josh Jacobs	GB	RB14	27
48	6	Jaylen Waddle	MIA	WR25	26
49	6	Kenneth Walker III	SEA	RB15	24
50	6	DJ Moore	CHI	WR26	28
51	6	Jameson Williams	DET	WR27	24
52	6	Emeka Egbuka	TB	WR28	22
53	6	Christian McCaffrey	SF	RB16	29
54	6	Justin Herbert	LAC	QB7	27
55	6	George Kittle	SF	TE4	31
56	6	Tyler Warren	IND	TE5	23
57	6	Terry McLaurin	WAS	WR29	29
58	6	Chris Olave	NO	WR30	25
59	6	Bo Nix	DEN	QB8	25
60	6	T.J. Hockenson	MIN	TE6	28
61	6	Derrick Henry	BAL	RB17	31
62	6	Drake Maye	NE	QB9	22
63	6	Colston Loveland	CHI	TE7	21
64	6	George Pickens	DAL	WR31	24
65	6	RJ Harvey	DEN	RB18	24
66	6	Caleb Williams	CHI	QB10	23
67	6	Kaleb Johnson	PIT	RB19	22
68	6	C.J. Stroud	HOU	QB11	23
69	7	Jerry Jeudy	CLE	WR32	26
70	7	Matthew Golden	GB	WR33	22
71	7	Quinshon Judkins	CLE	RB20	21
72	7	Tyreek Hill	MIA	WR34	31
73	7	Jordan Love	GB	QB12	26
74	7	Mark Andrews	BAL	TE8	29
75	7	Chuba Hubbard	CAR	RB21	26
76	7	Davante Adams	LAR	WR35	32
77	7	Tucker Kraft	GB	TE9	24
78	7	Mike Evans	TB	WR36	32
79	7	Luther Burden III	CHI	WR37	21
80	7	David Njoku	CLE	TE10	29
81	7	Brandon Aiyuk	SF	WR38	27
82	7	Jayden Higgins	HOU	WR39	22
83	7	David Montgomery	DET	RB22	28
84	7	Ricky Pearsall	SF	WR40	24
85	7	Kyler Murray	ARI	QB13	28
86	7	Josh Downs	IND	WR41	24
87	7	Dalton Kincaid	BUF	TE11	25
88	7	Alvin Kamara	NO	RB23	30
89	7	Courtland Sutton	DEN	WR42	29
90	8	Baker Mayfield	TB	QB14	30
91	8	Tre' Harris	LAC	WR43	23
92	8	Brock Purdy	SF	QB15	25
93	8	Chris Godwin	TB	WR44	29
94	8	Jayden Reed	GB	WR45	25
95	8	Khalil Shakir	BUF	WR46	25
96	8	Joe Mixon	HOU	RB24	29
97	8	Tony Pollard	TEN	RB25	28
98	8	Michael Pittman Jr.	IND	WR47	27
99	8	D'Andre Swift	CHI	RB26	26
100	8	Isiah Pacheco	KC	RB27	26
101	8	Evan Engram	DEN	TE12	30
102	8	Trevor Lawrence	JAC	QB16	25
103	8	Tyrone Tracy Jr.	NYG	RB28	25
104	8	Calvin Ridley	TEN	WR48	30
105	8	Brian Robinson Jr.	WAS	RB29	26
106	8	Keon Coleman	BUF	WR49	22
107	8	J.J. McCarthy	MIN	QB17	22
108	8	Jauan Jennings	SF	WR50	28
109	8	James Conner	ARI	RB30	30
110	8	Jakobi Meyers	LV	WR51	28
111	8	Deebo Samuel Sr.	WAS	WR52	29
112	8	Travis Kelce	KC	TE13	35
113	8	Kyle Pitts Sr.	ATL	TE14	24
114	8	Cam Skattebo	NYG	RB31	23
115	8	Dak Prescott	DAL	QB18	32
116	8	Jared Goff	DET	QB19	30
117	9	Cameron Ward	TEN	QB20	23
118	9	Stefon Diggs	NE	WR53	31
119	9	Darnell Mooney	ATL	WR54	27
120	9	Jalen McMillan	TB	WR55	23
121	9	Travis Etienne Jr.	JAC	RB32	26
122	9	Jack Bech	LV	WR56	22
123	9	Aaron Jones Sr.	MIN	RB33	30
124	9	Bhayshul Tuten	JAC	RB34	23
125	9	Isaiah Likely	BAL	TE15	25
126	9	Kyle Williams	NE	WR57	22
127	9	Zach Charbonnet	SEA	RB35	24
128	9	Trey Benson	ARI	RB36	23
129	9	Jake Ferguson	DAL	TE16	26
130	9	Cooper Kupp	SEA	WR58	32
131	9	Michael Penix Jr.	ATL	QB21	25
132	9	Mason Taylor	NYJ	TE17	21
133	9	Jaylin Noel	HOU	WR59	22
134	9	Dallas Goedert	PHI	TE18	30
135	9	Bryce Young	CAR	QB22	24
136	9	Rashid Shaheed	NO	WR60	26
137	9	Najee Harris	LAC	RB37	27
138	9	Justin Fields	NYJ	QB23	26
139	9	Cedric Tillman	CLE	WR61	25
140	9	Christian Kirk	HOU	WR62	28
141	9	Jaylen Warren	PIT	RB38	26
142	9	Jonnu Smith	PIT	TE19	30
143	9	Marvin Mims Jr.	DEN	WR63	23
144	9	Tua Tagovailoa	MIA	QB24	27
145	9	Rashod Bateman	BAL	WR64	25
146	9	Rhamondre Stevenson	NE	RB39	27
147	9	Xavier Legette	CAR	WR65	24
148	9	Romeo Doubs	GB	WR66	25
149	10	Jordan Mason	MIN	RB40	26
150	10	Sam Darnold	SEA	QB25	28
151	10	Marquise Brown	KC	WR67	28
152	10	Tyjae Spears	TEN	RB41	24
153	10	Tank Bigsby	JAC	RB42	22
154	10	Javonte Williams	DAL	RB43	25
155	10	Braelon Allen	NYJ	RB44	21
156	10	Pat Freiermuth	PIT	TE20	26
157	10	Jaxson Dart	NYG	QB26	22
158	10	Elijah Arroyo	SEA	TE21	22
159	10	Elic Ayomanor	TEN	WR68	22
160	10	Rachaad White	TB	RB45	26
161	10	Harold Fannin Jr.	CLE	TE22	21
162	10	Wan'Dale Robinson	NYG	WR69	24
163	10	Jaydon Blue	DAL	RB46	21
164	10	Quentin Johnston	LAC	WR70	23
165	10	Jalen Royals	KC	WR71	22
166	10	Terrance Ferguson	LAR	TE23	22
167	10	Cade Otton	TB	TE24	26
168	10	Ray Davis	BUF	RB47	25
169	10	Joshua Palmer	BUF	WR72	25
170	10	Anthony Richardson Sr.	IND	QB27	23
171	10	Adonai Mitchell	IND	WR73	22
172	10	Tank Dell	HOU	WR74	25
173	10	Isaac Guerendo	SF	RB48	25
174	10	Jaylen Wright	MIA	RB49	22
175	10	Matthew Stafford	LAR	QB28	37
176	10	Geno Smith	LV	QB29	34
177	10	Dylan Sampson	CLE	RB50	20
178	10	Christian Watson	GB	WR75	26
179	10	Jalen Coker	CAR	WR76	23
180	10	Hunter Henry	NE	TE25	30
181	10	Brenton Strange	JAC	TE26	24
182	10	DeMario Douglas	NE	WR77	24
183	10	Ja'Tavion Sanders	CAR	TE27	22
184	10	Pat Bryant	DEN	WR78	22
185	10	J.K. Dobbins	DEN	RB51	26
186	10	Cole Kmet	CHI	TE28	26
187	10	Dontayvion Wicks	GB	WR79	24
188	10	Blake Corum	LAR	RB52	24
189	11	Chig Okonkwo	TEN	TE29	25
190	11	DeAndre Hopkins	BAL	WR80	33
191	11	Theo Johnson	NYG	TE30	24
192	11	Keenan Allen	LAC	WR81	33
193	11	Rico Dowdle	CAR	RB53	27
194	11	Tyler Allgeier	ATL	RB54	25
195	11	Jerome Ford	CLE	RB55	25
196	11	Jarquez Hunter	LAR	RB56	22
197	11	Alec Pierce	IND	WR82	25
198	11	DJ Giddens	IND	RB57	21
199	11	Jalen Milroe	SEA	QB30	22
200	11	Mike Gesicki	CIN	TE31	29
201	11	Jonathon Brooks	CAR	RB58	22
202	11	MarShawn Lloyd	GB	RB59	24
203	11	Michael Wilson	ARI	WR83	25
204	11	Zach Ertz	WAS	TE32	34
205	11	Dalton Schultz	HOU	TE33	29
206	11	Tory Horton	SEA	WR84	22
207	11	Roman Wilson	PIT	WR85	24
208	11	Troy Franklin	DEN	WR86	22
209	11	Diontae Johnson	CLE	WR87	29
210	11	Ben Sinnott	WAS	TE34	23
211	11	Isaac TeSlaa	DET	WR88	23
212	11	Nick Chubb	HOU	RB60	29
213	11	Andrei Iosivas	CIN	WR89	25
214	11	Tyler Shough	NO	QB31	25
215	11	Devin Neal	NO	RB61	22
216	11	Roschon Johnson	CHI	RB62	24
217	11	Adam Thielen	CAR	WR90	35
218	11	Savion Williams	GB	WR91	23
219	11	Amari Cooper	FA	WR92	31
220	11	Russell Wilson	NYG	QB32	36
221	11	Tahj Brooks	CIN	RB63	23
222	11	Elijah Moore	BUF	WR93	25
223	11	Brashard Smith	KC	RB64	22
224	11	Darius Slayton	NYG	WR94	28
225	11	Kendre Miller	NO	RB65	23
226	11	Will Shipley	PHI	RB66	22
227	11	Austin Ekeler	WAS	RB67	30
228	11	Ollie Gordon II	MIA	RB68	21
229	11	Oronde Gadsden II	LAC	TE35	22
230	11	Tyler Lockett	TEN	WR95	32
231	12	Jordan Whittington	LAR	WR96	24
232	12	Jordan James	SF	RB69	21
233	12	Shedeur Sanders	CLE	QB33	23
234	12	Woody Marks	HOU	RB70	24
235	12	Malik Washington	MIA	WR97	24
236	12	Devaughn Vele	DEN	WR98	27
237	12	Trevor Etienne	CAR	RB71	21
238	12	Audric Estime	DEN	RB72	21
239	12	Luke McCaffrey	WAS	WR99	24
240	12	Kyle Monangai	CHI	RB73	23
241	12	Kayshon Boutte	NE	WR100	23
242	12	Aaron Rodgers	PIT	QB34	41
243	12	Juwan Johnson	NO	TE36	28
244	12	Daniel Jones	IND	QB35	28
245	12	Jaleel McLaughlin	DEN	RB74	24
246	12	Jalen Tolbert	DAL	WR101	26
247	12	Jacory Croskey-Merritt	WAS	RB75	24
248	12	Ja'Lynn Polk	NE	WR102	23
249	12	Dont'e Thornton Jr.	LV	WR103	22
250	12	Damien Martinez	SEA	RB76	21
251	12	Dyami Brown	JAC	WR104	25
252	12	Michael Mayer	LV	TE37	24
253	12	Calvin Austin III	PIT	WR105	26
254	12	Keaton Mitchell	BAL	RB77	23
255	12	Parker Washington	JAC	WR106	23
256	12	Jermaine Burton	CIN	WR107	24
257	12	Noah Gray	KC	TE38	26
258	12	Noah Fant	CIN	TE39	27
259	12	Brandin Cooks	NO	WR108	31
260	12	Isaiah Davis	NYJ	RB78	23
261	12	Devin Singletary	NYG	RB79	27
262	12	Tai Felton	MIN	WR109	22
263	12	Xavier Restrepo	TEN	WR110	23
264	12	Kareem Hunt	KC	RB80	30
265	12	Brandon Aubrey	DAL	K1	30
266	12	Miles Sanders	DAL	RB81	28
267	12	Nick Westbrook-Ikhine	MIA	WR111	28
268	12	Pittsburgh Steelers	PIT	DST1	-
269	12	Antonio Gibson	NE	RB82	27
270	12	Philadelphia Eagles	PHI	DST2	-
271	12	Justice Hill	BAL	RB83	27
272	12	Los Angeles Rams	LAR	DST3	-
273	12	Elijah Mitchell	KC	RB84	27
274	12	Denver Broncos	DEN	DST4	-
275	13	Sean Tucker	TB	RB85	23
276	13	Harrison Butker	KC	K2	30
277	13	Luke Musgrave	GB	TE40	24
278	13	Tyler Higbee	LAR	TE41	32
279	13	Kirk Cousins	ATL	QB36	37
280	13	Tez Johnson	TB	WR112	23
281	13	Tyler Conklin	LAC	TE42	30
282	13	Tutu Atwell	LAR	WR113	25
283	13	Khalil Herbert	IND	RB86	27
284	13	Gunnar Helm	TEN	TE43	22
285	13	Kimani Vidal	LAC	RB87	23
286	13	Tre Tucker	LV	WR114	24
287	13	Will Dissly	LAC	TE44	29
288	13	Baltimore Ravens	BAL	DST5	-
289	13	Javon Baker	NE	WR115	23
290	13	Younghoe Koo	ATL	K3	31
291	13	Houston Texans	HOU	DST6	-
292	13	Jake Moody	SF	K4	25
293	13	Cameron Dicker	LAC	K5	25
294	13	Minnesota Vikings	MIN	DST7	-
295	13	Jaylin Lane	WAS	WR116	23
296	13	Tyler Bass	BUF	K6	28
297	13	Chimere Dike	TEN	WR117	23
298	13	Ka'imi Fairbairn	HOU	K7	31
299	13	Will Reichard	MIN	K8	24
300	13	Kenneth Gainwell	PIT	RB88	26
301	13	Chicago Bears	CHI	DST8	-
302	13	Evan McPherson	CIN	K9	26
303	13	Dallas Cowboys	DAL	DST9	-
304	13	Zack Moss	FA	RB89	27
305	13	Jake Elliott	PHI	K10	30
306	13	Buffalo Bills	BUF	DST10	-
307	13	Gabe Davis	FA	WR118	26
308	13	Chris Boswell	PIT	K11	34
309	13	Raheem Mostert	LV	RB90	33
310	13	Taysom Hill	NO	TE45	35
311	13	Malachi Corley	NYJ	WR119	23
312	13	Kansas City Chiefs	KC	DST11	-
313	13	Daniel Carlson	LV	K12	30
314	13	Jason Sanders	MIA	K13	29
315	13	KeAndre Lambert-Smith	LAC	WR120	23
316	13	Washington Commanders	WAS	DST12	-
317	13	Green Bay Packers	GB	DST13	-
318	13	Jake Bates	DET	K14	26
319	13	Detroit Lions	DET	DST14	-
320	13	Los Angeles Chargers	LAC	DST15	-
321	13	Will Howard	PIT	QB37	23
322	13	Jalin Hyatt	NYG	WR121	23
323	13	Sincere McCormick	LV	RB91	24
324	13	Joshua Karty	LAR	K15	23
325	13	Jahan Dotson	PHI	WR122	25
326	13	Wil Lutz	DEN	K16	31
327	13	Arizona Cardinals	ARI	DST16	-
328	13	Isaiah Bond	CLE	WR123	21
329	13	Erick All Jr.	CIN	TE46	24
330	13	Will Levis	TEN	QB38	26
331	13	Matt Gay	WAS	K17	31
332	13	Blake Grupe	NO	K18	26
333	14	LeQuint Allen Jr.	JAC	RB92	21
334	14	Brandon McManus	GB	K19	34
335	14	Curtis Samuel	BUF	WR124	29
336	14	Spencer Rattler	NO	QB39	24
337	14	Ray-Ray McCloud III	ATL	WR125	28
338	14	John Metchie III	HOU	WR126	25
339	14	Alexander Mattison	MIA	RB93	27
340	14	New York Jets	NYJ	DST17	-
341	14	Ty Johnson	BUF	RB94	27
342	14	Jameis Winston	NYG	QB40	31
343	14	AJ Barner	SEA	TE47	23
344	14	Dillon Gabriel	CLE	QB41	24
345	14	Cade Stover	HOU	TE48	25
346	14	Jalen Nailor	MIN	WR127	26
347	14	Ricky White III	SEA	WR128	23
348	14	Dameon Pierce	HOU	RB95	25
349	14	Jacob Cowing	SF	WR129	24
350	14	Devontez Walker	BAL	WR130	24
351	14	Joe Milton III	DAL	QB42	25
352	14	Noah Brown	WAS	WR131	29
353	14	Miami Dolphins	MIA	DST18	-
354	14	Arian Smith	NYJ	WR132	23
355	14	Joe Flacco	CLE	QB43	40
356	14	Seattle Seahawks	SEA	DST19	-
357	14	Demarcus Robinson	SF	WR133	30
358	14	Darren Waller	MIA	TE49	32
359	14	Thomas Fidone II	NYG	TE50	22
360	14	Atlanta Falcons	ATL	DST20	-
361	14	Mason Rudolph	PIT	QB44	30
362	14	Darnell Washington	PIT	TE51	24
363	14	Jordan Watkins	SF	WR134	23
364	14	Josh Reynolds	NYJ	WR135	30
365	14	Kenny Pickett	CLE	QB45	27
366	14	KaVontae Turpin	DAL	WR136	29
367	14	A.J. Dillon	PHI	RB96	27
368	14	New Orleans Saints	NO	DST21	-
369	14	Justin Tucker	FA	K20	35
370	14	San Francisco 49ers	SF	DST22	-
371	14	Jonathan Mingo	DAL	WR137	24
372	14	Cam Akers	NO	RB97	26
373	14	Gardner Minshew II	KC	QB46	29
374	14	Malik Willis	GB	QB47	26
375	14	New England Patriots	NE	DST23	-
376	14	Mac Jones	SF	QB48	26
377	14	Luke Schoonmaker	DAL	TE52	26
378	14	Riley Leonard	IND	QB49	22
379	14	Dustin Hopkins	CLE	K21	34
380	14	Zach Wilson	MIA	QB50	26
381	14	Sam Howell	MIN	QB51	24
382	14	Marquez Valdes-Scantling	SEA	WR138	30
383	14	Dawson Knox	BUF	TE53	28
384	14	Ty Chandler	MIN	RB98	27
385	14	Chris Rodriguez Jr.	WAS	RB99	25
386	14	Luke Lachey	HOU	TE54	24
387	14	Kyle McCord	PHI	QB52	22
388	14	Treylon Burks	TEN	WR139	25
389	14	Kendrick Bourne	NE	WR140	30
390	14	Quinn Ewers	MIA	QB53	22
391	14	Chase McLaughlin	TB	K22	29
392	14	Cam Little	JAC	K23	22
393	14	Raheim Sanders	LAC	RB100	23
394	14	Greg Zuerlein	FA	K24	37
395	14	Phil Mafah	DAL	RB101	22
396	14	Cleveland Browns	CLE	DST24	-
397	15	Allen Lazard	NYJ	WR141	29
398	15	Kalel Mullings	TEN	RB102	22
399	15	Mitchell Evans	CAR	TE55	22
400	15	Austin Hooper	NE	TE56	30
401	15	Deshaun Watson	CLE	QB54	29
402	15	Efton Chism III	NE	WR142	23
403	15	Zamir White	LV	RB103	25
404	15	Mack Hollins	NE	WR143	31
405	15	Olamide Zaccheaus	CHI	WR144	28
406	15	Zay Jones	ARI	WR145	30
407	15	Hendon Hooker	DET	QB55	27
408	15	Jason Myers	SEA	K25	34
409	15	Nick Nash	ATL	WR146	25
410	15	Jelani Woods	IND	TE57	26
411	15	Cairo Santos	CHI	K26	33
412	15	Las Vegas Raiders	LV	DST25	-
413	15	Aidan O'Connell	LV	QB56	26
414	15	Colby Parkinson	LAR	TE58	26
415	15	Tim Patrick	DET	WR147	31
416	15	Gavin Bartholomew	MIN	TE59	22
417	15	Grant Calcaterra	PHI	TE60	26
418	15	Jimmy Garoppolo	LAR	QB57	33
419	15	Emanuel Wilson	GB	RB104	26
420	15	Trey Lance	LAC	QB58	25
421	15	Jake Browning	CIN	QB59	29
422	15	Samaje Perine	CIN	RB105	29
423	15	Chris Brooks	GB	RB106	25
424	15	Jeremy Ruckert	NYJ	TE61	25
425	15	Tommy Tremble	CAR	TE62	25
426	15	Rasheen Ali	BAL	RB107	24
427	15	Foster Moreau	NO	TE63	28
428	15	Carson Steele	KC	RB108	22
429	15	Van Jefferson	TEN	WR148	29
430	15	Hunter Renfrow	CAR	WR149	29
431	15	Michael Gallup	WAS	WR150	29
432	15	Eddy Pineiro	FA	K27	29
433	15	Marcus Mariota	WAS	QB60	31
434	15	Gus Edwards	FA	RB109	30
435	15	Greg Dortch	ARI	WR151	27
436	15	Daniel Bellinger	NYG	TE64	24
437	15	Kalif Raymond	DET	WR152	31
438	15	Cooper Rush	BAL	QB61	31
439	15	Tennessee Titans	TEN	DST26	-
440	15	Jake Bobo	SEA	WR153	27
441	15	New York Giants	NYG	DST27	-
442	15	Donovan Edwards	NYJ	RB110	22
443	15	Indianapolis Colts	IND	DST28	-
444	15	Dylan Laube	LV	RB111	25
445	15	Jared Wiley	KC	TE65	24
446	15	Jimmy Horn Jr.	CAR	WR154	22
447	15	Trey Sermon	PIT	RB112	26
448	15	Konata Mumpfield	LAR	WR155	22
449	15	Jacoby Brissett	ARI	QB62	32
450	15	Marcus Yarns	NO	RB113	23
451	15	Cincinnati Bengals	CIN	DST29	-
452	15	Xavier Hutchinson	HOU	WR156	25
453	15	Tampa Bay Buccaneers	TB	DST30	-
454	15	Johnny Wilson	PHI	WR157	24
455	15	Elijah Higgins	ARI	TE66	24
456	15	Greg Dulcich	NYG	TE67	25
457	15	Jaheim Bell	NE	TE68	24
458	15	Trey Palmer	TB	WR158	24
459	15	Michael Carter	ARI	RB114	26
460	15	Pierre Strong Jr.	CLE	RB115	26
461	16	Craig Reynolds	DET	RB116	29
462	16	Jamari Thrash	CLE	WR159	24
463	16	Andy Dalton	CAR	QB63	37
464	16	Chad Ryland	ARI	K28	25
465	16	Clyde Edwards-Helaire	NO	RB117	26
466	16	Drew Lock	SEA	QB64	28
467	16	Josh Oliver	MIN	TE69	28
468	16	Davis Allen	LAR	TE70	24
469	16	Brevin Jordan	HOU	TE71	25
470	16	Emari Demercado	ARI	RB118	26
471	16	Bub Means	NO	WR160	24
472	16	Jacksonville Jaguars	JAC	DST31	-
473	16	Israel Abanikanda	GB	RB119	22
474	16	Zach Pascal	NYG	WR161	30
475	16	Jeremy McNichols	WAS	RB120	29
476	16	Jake Briningstool	KC	TE72	22
477	16	Carolina Panthers	CAR	DST32	-
478	16	Rondale Moore	MIN	WR162	25
479	16	Joshua Dobbs	NE	QB65	30
480	16	Kylen Granson	PHI	TE73	27
481	16	Tyler Badie	DEN	RB121	25
482	16	Josh Whyle	TEN	TE74	25
483	16	Eric Gray	NYG	RB122	25
484	16	Montrell Johnson Jr.	PHI	RB123	22
485	16	Adam Trautman	DEN	TE75	28
486	16	JuJu Smith-Schuster	KC	WR163	28