"RK",TIERS,"PLAYER NAME",TEAM,"POS","BYE WEEK","UPSIDE ","BUST ","SOS SEASON","ECR VS. ADP"
"1",1,"Ja'Marr Chase",CIN,"WR1","6","5 out of 5","1 out of 5","4 out of 5 stars","+2"
"2",1,"Jahmyr Gibbs",DET,"RB1","6","5 out of 5","1 out of 5","5 out of 5 stars","-1"
"3",1,"Puka Nacua",LAR,"WR2","11","5 out of 5","2 out of 5","1 out of 5 stars","+1"
"4",1,"Bijan Robinson",ATL,"RB2","11","5 out of 5","1 out of 5","2 out of 5 stars","-2"
"5",1,"Jaxon Smith-Njigba",SEA,"WR3","11","5 out of 5","2 out of 5","3 out of 5 stars","+1"
"6",1,"Amon-Ra St. Brown",DET,"WR4","6","5 out of 5","1 out of 5","4 out of 5 stars","+2"
"7",2,"CeeDee Lamb",DAL,"WR5","14","4 out of 5","2 out of 5","2 out of 5 stars","+3"
"8",2,"Justin Jefferson",MIN,"WR6","6","5 out of 5","2 out of 5","5 out of 5 stars","+4"
"9",2,"Christian McCaffrey",SF,"RB3","8","4 out of 5","4 out of 5","2 out of 5 stars","-4"
"10",2,"Jonathan Taylor",IND,"RB4","13","4 out of 5","3 out of 5","4 out of 5 stars","-3"
"11",2,"Drake London",ATL,"WR7","11","4 out of 5","3 out of 5","3 out of 5 stars","+9"
"12",3,"A.J. Brown",NE,"WR8","11","5 out of 5","2 out of 5","2 out of 5 stars","+7"
"13",3,"James Cook III",BUF,"RB5","7","5 out of 5","1 out of 5","2 out of 5 stars","-4"
"14",3,"Nico Collins",HOU,"WR9","8","4 out of 5","2 out of 5","3 out of 5 stars","+9"
"15",3,"Chase Brown",CIN,"RB6","6","5 out of 5","2 out of 5","2 out of 5 stars","-2"
"16",3,"Chris Olave",NO,"WR10","8","4 out of 5","4 out of 5","3 out of 5 stars","+10"
"17",3,"Trey McBride",ARI,"TE1","14","4 out of 5","2 out of 5","2 out of 5 stars","+8"
"18",3,"George Pickens",DAL,"WR11","14","4 out of 5","3 out of 5","2 out of 5 stars","+6"
"19",3,"Brock Bowers",LV,"TE2","13","5 out of 5","1 out of 5","3 out of 5 stars","+3"
"20",3,"De'Von Achane",MIA,"RB7","6","4 out of 5","4 out of 5","3 out of 5 stars","-9"
"21",3,"DeVonta Smith",PHI,"WR12","10","4 out of 5","2 out of 5","4 out of 5 stars","+11"
"22",4,"Saquon Barkley",PHI,"RB8","10","4 out of 5","3 out of 5","4 out of 5 stars","-8"
"23",4,"Malik Nabers",NYG,"WR13","8","4 out of 5","4 out of 5","4 out of 5 stars","+4"
"24",4,"Kenneth Walker III",KC,"RB9","5","5 out of 5","4 out of 5","3 out of 5 stars","-7"
"25",4,"Omarion Hampton",LAC,"RB10","7","5 out of 5","2 out of 5","3 out of 5 stars","-10"
"26",4,"Josh Allen",BUF,"QB1","7","5 out of 5","2 out of 5","3 out of 5 stars","-5"
"",4
"27",4,"Rashee Rice",KC,"WR14","5","4 out of 5","4 out of 5","2 out of 5 stars","+3"
"28",4,"Ashton Jeanty",LV,"RB11","13","4 out of 5","3 out of 5","2 out of 5 stars","-10"
"29",4,"Zay Flowers",BAL,"WR15","13","4 out of 5","2 out of 5","4 out of 5 stars","+6"
"30",4,"Garrett Wilson",NYJ,"WR16","13","4 out of 5","4 out of 5","4 out of 5 stars","+9"
"31",4,"Lamar Jackson",BAL,"QB2","13","4 out of 5","4 out of 5","3 out of 5 stars","+7"
"32",4,"Jaylen Waddle",DEN,"WR17","10","4 out of 5","3 out of 5","2 out of 5 stars","+14"
"33",4,"Ladd McConkey",LAC,"WR18","7","4 out of 5","3 out of 5","2 out of 5 stars","+10"
"34",4,"Tetairoa McMillan",CAR,"WR19","5","4 out of 5","3 out of 5","2 out of 5 stars","+2"
"35",4,"Colston Loveland",CHI,"TE3","10","5 out of 5","2 out of 5","2 out of 5 stars","+6"
"36",5,"Tee Higgins",CIN,"WR20","6","5 out of 5","2 out of 5","4 out of 5 stars","+4"
"37",5,"Drake Maye",NE,"QB3","11","5 out of 5","2 out of 5","2 out of 5 stars","+15"
"38",5,"Derrick Henry",BAL,"RB12","13","4 out of 5","2 out of 5","3 out of 5 stars","-22"
"39",5,"Breece Hall",NYJ,"RB13","13","4 out of 5","4 out of 5","3 out of 5 stars","-6"
"40",5,"Jeremiyah Love",ARI,"RB14","14","5 out of 5","4 out of 5","2 out of 5 stars","-9"
"41",5,"Emeka Egbuka",TB,"WR21","10","4 out of 5","3 out of 5","4 out of 5 stars","+1"
"42",5,"Kyren Williams",LAR,"RB15","11","4 out of 5","2 out of 5","5 out of 5 stars","-14"
"43",5,"Javonte Williams",DAL,"RB16","14","4 out of 5","3 out of 5","4 out of 5 stars","-14"
"44",5,"Travis Etienne Jr.",NO,"RB17","8","4 out of 5","4 out of 5","3 out of 5 stars","-10"
"45",5,"Joe Burrow",CIN,"QB4","6","4 out of 5","3 out of 5","3 out of 5 stars","+8"
"46",5,"Luther Burden III",CHI,"WR22","10","4 out of 5","4 out of 5","3 out of 5 stars","+8"
"47",5,"Terry McLaurin",WAS,"WR23","7","4 out of 5","2 out of 5","2 out of 5 stars","+8"
"48",5,"Davante Adams",LAR,"WR24","11","4 out of 5","4 out of 5","1 out of 5 stars","+2"
"49",5,"DJ Moore",BUF,"WR25","7","4 out of 5","2 out of 5","4 out of 5 stars","-1"
"50",5,"D'Andre Swift",CHI,"RB18","10","3 out of 5","3 out of 5","2 out of 5 stars","-6"
"51",5,"Jameson Williams",DET,"WR26","6","4 out of 5","3 out of 5","4 out of 5 stars","+7"
"52",5,"Tyler Warren",IND,"TE4","13","5 out of 5","2 out of 5","3 out of 5 stars","-1"
"53",6,"Christian Watson",GB,"WR27","11","4 out of 5","4 out of 5","5 out of 5 stars","+13"
"54",6,"Bucky Irving",TB,"RB19","10","3 out of 5","4 out of 5","2 out of 5 stars","-7"
"55",6,"Jayden Daniels",WAS,"QB5","7","4 out of 5","4 out of 5","2 out of 5 stars","+6"
"56",6,"Cam Skattebo",NYG,"RB20","8","4 out of 5","4 out of 5","4 out of 5 stars","-19"
"57",6,"Jalen Hurts",PHI,"QB6","10","4 out of 5","3 out of 5","5 out of 5 stars","+5"
"58",6,"Parker Washington",JAC,"WR28","7","4 out of 5","2 out of 5","4 out of 5 stars","+5"
"59",6,"Rome Odunze",CHI,"WR29","10","4 out of 5","3 out of 5","3 out of 5 stars","0"
"60",6,"Mike Evans",SF,"WR30","8","4 out of 5","3 out of 5","2 out of 5 stars","+8"
"61",6,"David Montgomery",HOU,"RB21","8","4 out of 5","2 out of 5","4 out of 5 stars","-12"
"62",6,"Quinshon Judkins",CLE,"RB22","11","4 out of 5","4 out of 5","3 out of 5 stars","-17"
"63",6,"Caleb Williams",CHI,"QB7","10","5 out of 5","2 out of 5","3 out of 5 stars","+15"
"64",6,"Bhayshul Tuten",JAC,"RB23","7","4 out of 5","3 out of 5","4 out of 5 stars","-8"
"65",6,"Jadarian Price",SEA,"RB24","11","4 out of 5","3 out of 5","4 out of 5 stars","-8"
"66",6,"Carnell Tate",TEN,"WR31","9","4 out of 5","2 out of 5","3 out of 5 stars","+8"
"67",6,"Marvin Harrison Jr.",ARI,"WR32","14","3 out of 5","4 out of 5","2 out of 5 stars","+5"
"68",6,"TreVeyon Henderson",NE,"RB25","11","4 out of 5","3 out of 5","2 out of 5 stars","-8"
"69",6,"Justin Herbert",LAC,"QB8","7","5 out of 5","2 out of 5","2 out of 5 stars","+13"
"70",6,"Rhamondre Stevenson",NE,"RB26","11","4 out of 5","3 out of 5","2 out of 5 stars","-5"
"71",6,"Chris Godwin Jr.",TB,"WR33","10","4 out of 5","4 out of 5","4 out of 5 stars","+18"
"72",6,"Jaylen Warren",PIT,"RB27","9","4 out of 5","4 out of 5","2 out of 5 stars","-3"
"73",7,"Harold Fannin Jr.",CLE,"TE5","11","4 out of 5","3 out of 5","3 out of 5 stars","-6"
"74",7,"Trevor Lawrence",JAC,"QB9","7","5 out of 5","2 out of 5","4 out of 5 stars","+13"
"75",7,"Dak Prescott",DAL,"QB10","14","4 out of 5","2 out of 5","2 out of 5 stars","0"
"76",7,"Tucker Kraft",GB,"TE6","11","5 out of 5","2 out of 5","2 out of 5 stars","-6"
"77",7,"Kyle Pitts Sr.",ATL,"TE7","11","4 out of 5","4 out of 5","3 out of 5 stars","-6"
"78",7,"DK Metcalf",PIT,"WR34","9","3 out of 5","3 out of 5","3 out of 5 stars","+2"
"79",7,"Brian Thomas Jr.",JAC,"WR35","7","2 out of 5","4 out of 5","4 out of 5 stars","+5"
"80",7,"Michael Pittman Jr.",PIT,"WR36","9","4 out of 5","3 out of 5","3 out of 5 stars","+16"
"81",7,"Tony Pollard",TEN,"RB28","9","4 out of 5","2 out of 5","3 out of 5 stars","-5"
"82",7,"Wan'Dale Robinson",TEN,"WR37","9","4 out of 5","3 out of 5","3 out of 5 stars","+19"
"83",7,"Sam LaPorta",DET,"TE8","6","4 out of 5","4 out of 5","3 out of 5 stars","-10"
"84",7,"Courtland Sutton",DEN,"WR38","10","2 out of 5","4 out of 5","2 out of 5 stars","-7"
"85",7,"Rico Dowdle",PIT,"RB29","9","4 out of 5","4 out of 5","2 out of 5 stars","-6"
"86",7,"Michael Wilson",ARI,"WR39","14","-","-","2 out of 5 stars","0"
"87",7,"Josh Downs",IND,"WR40","13","4 out of 5","4 out of 5","4 out of 5 stars","+32"
"88",7,"Jonathon Brooks",CAR,"RB30","5","4 out of 5","4 out of 5","1 out of 5 stars","-7"
"89",7,"Stefon Diggs",WAS,"WR41","7","4 out of 5","2 out of 5","2 out of 5 stars","+9"
"90",7,"Quentin Johnston",LAC,"WR42","7","4 out of 5","3 out of 5","2 out of 5 stars","+14"
"",7
"91",7,"RJ Harvey",DEN,"RB31","10","2 out of 5","4 out of 5","2 out of 5 stars","-6"
"92",7,"Brock Purdy",SF,"QB11","8","4 out of 5","1 out of 5","1 out of 5 stars","+20"
"93",7,"George Kittle",SF,"TE9","8","4 out of 5","4 out of 5","3 out of 5 stars","-10"
"94",7,"Jaxson Dart",NYG,"QB12","8","5 out of 5","4 out of 5","4 out of 5 stars","+1"
"95",7,"Travis Kelce",KC,"TE10","5","2 out of 5","2 out of 5","4 out of 5 stars","-3"
"96",7,"Kenny Gainwell",TB,"RB32","10","4 out of 5","3 out of 5","2 out of 5 stars","-2"
"97",7,"Bo Nix",DEN,"QB13","10","4 out of 5","2 out of 5","3 out of 5 stars","+17"
"98",7,"Alec Pierce",IND,"WR43","13","4 out of 5","4 out of 5","4 out of 5 stars","-7"
"99",7,"Chuba Hubbard",CAR,"RB33","5","2 out of 5","4 out of 5","1 out of 5 stars","-9"
"100",8,"J.K. Dobbins",DEN,"RB34","10","4 out of 5","4 out of 5","2 out of 5 stars","-12"
"101",8,"Jayden Reed",GB,"WR44","11","4 out of 5","4 out of 5","5 out of 5 stars","+20"
"102",8,"Patrick Mahomes II",KC,"QB14","5","3 out of 5","4 out of 5","2 out of 5 stars","+6"
"103",8,"Jared Goff",DET,"QB15","6","4 out of 5","1 out of 5","5 out of 5 stars","+22"
"104",8,"Matthew Stafford",LAR,"QB16","11","4 out of 5","2 out of 5","3 out of 5 stars","-11"
"105",8,"Makai Lemon",PHI,"WR45","10","4 out of 5","2 out of 5","4 out of 5 stars","+12"
"106",8,"Jakobi Meyers",JAC,"WR46","7","2 out of 5","3 out of 5","4 out of 5 stars","+17"
"107",8,"Jordan Addison",MIN,"WR47","6","4 out of 5","4 out of 5","5 out of 5 stars","0"
"108",8,"KC Concepcion",CLE,"WR48","11","4 out of 5","4 out of 5","3 out of 5 stars","+18"
"109",8,"MarShawn Lloyd",GB,"RB35","11","4 out of 5","4 out of 5","4 out of 5 stars","-6"
"110",8,"Blake Corum",LAR,"RB36","11","4 out of 5","4 out of 5","5 out of 5 stars","-11"
"111",8,"Dalton Kincaid",BUF,"TE11","7","3 out of 5","4 out of 5","3 out of 5 stars","+11"
"112",8,"Rachaad White",WAS,"RB37","7","4 out of 5","3 out of 5","4 out of 5 stars","+6"
"113",8,"Jordan Mason",MIN,"RB38","6","4 out of 5","3 out of 5","4 out of 5 stars","-13"
"114",8,"Kyler Murray",MIN,"QB17","6","4 out of 5","2 out of 5","5 out of 5 stars","+23"
"115",8,"Jacory Croskey-Merritt",WAS,"RB39","7","4 out of 5","4 out of 5","4 out of 5 stars","-6"
"116",8,"Jordan Love",GB,"QB18","11","4 out of 5","3 out of 5","4 out of 5 stars","+32"
"117",8,"Isaiah Likely",NYG,"TE12","8","4 out of 5","3 out of 5","3 out of 5 stars","-11"
"118",8,"Aaron Jones Sr.",MIN,"RB40","6","1 out of 5","4 out of 5","4 out of 5 stars","+2"
"119",8,"Baker Mayfield",TB,"QB19","10","3 out of 5","4 out of 5","2 out of 5 stars","+19"
"120",8,"Dallas Goedert",PHI,"TE13","10","4 out of 5","3 out of 5","4 out of 5 stars","-5"
"121",8,"Kyle Monangai",CHI,"RB41","10","4 out of 5","3 out of 5","2 out of 5 stars","-16"
"122",8,"Jake Ferguson",DAL,"TE14","14","2 out of 5","4 out of 5","2 out of 5 stars","-9"
"123",8,"De'Zhaun Stribling",SF,"WR49","8","4 out of 5","4 out of 5","2 out of 5 stars","-12"
"124",8,"Khalil Shakir",BUF,"WR50","7","2 out of 5","4 out of 5","4 out of 5 stars","+23"
"125",8,"Matthew Golden",GB,"WR51","11","3 out of 5","4 out of 5","5 out of 5 stars","+2"
"126",8,"Jalen Coker",CAR,"WR52","5","4 out of 5","2 out of 5","2 out of 5 stars","+16"
"127",8,"Tyler Shough",NO,"QB20","8","4 out of 5","2 out of 5","3 out of 5 stars","+25"
"128",8,"Romeo Doubs",NE,"WR53","11","3 out of 5","3 out of 5","2 out of 5 stars","+1"
"129",8,"Juwan Johnson",NO,"TE15","8","4 out of 5","2 out of 5","2 out of 5 stars","+20"
"130",8,"Malik Willis",MIA,"QB21","6","4 out of 5","4 out of 5","3 out of 5 stars","+38"
"131",8,"Xavier Worthy",KC,"WR54","5","4 out of 5","4 out of 5","2 out of 5 stars","-1"
"132",9,"Mark Andrews",BAL,"TE16","13","4 out of 5","4 out of 5","4 out of 5 stars","-4"
"133",9,"Woody Marks",HOU,"RB42","8","3 out of 5","4 out of 5","4 out of 5 stars","-2"
"134",9,"Tyler Allgeier",ARI,"RB43","14","3 out of 5","4 out of 5","2 out of 5 stars","+7"
"135",9,"Jordyn Tyson",NO,"WR55","8","3 out of 5","5 out of 5","3 out of 5 stars","+11"
"136",9,"Sam Darnold",SEA,"QB22","11","1 out of 5","4 out of 5","4 out of 5 stars","+48"
"137",9,"Tyjae Spears",TEN,"RB44","9","4 out of 5","4 out of 5","3 out of 5 stars","+6"
"138",9,"Deebo Samuel Sr.",SF,"WR56","8","4 out of 5","3 out of 5","2 out of 5 stars","-4"
"139",9,"Chris Rodriguez Jr.",JAC,"RB45","7","3 out of 5","4 out of 5","4 out of 5 stars","-4"
"140",9,"C.J. Stroud",HOU,"QB23","8","3 out of 5","4 out of 5","4 out of 5 stars","+39"
"141",9,"Daniel Jones",IND,"QB24","13","4 out of 5","4 out of 5","4 out of 5 stars","+37"
"142",9,"Rashid Shaheed",SEA,"WR57","11","3 out of 5","4 out of 5","3 out of 5 stars","+3"
"143",9,"Dylan Sampson",CLE,"RB46","11","4 out of 5","3 out of 5","3 out of 5 stars","+28"
"144",9,"Jonah Coleman",DEN,"RB47","10","4 out of 5","4 out of 5","2 out of 5 stars","+10"
"145",9,"Keaton Mitchell",LAC,"RB48","7","4 out of 5","3 out of 5","3 out of 5 stars","+15"
"146",9,"Denzel Boston",CLE,"WR58","11","4 out of 5","4 out of 5","3 out of 5 stars","+26"
"147",9,"Mike Washington Jr.",LV,"RB49","13","4 out of 5","4 out of 5","2 out of 5 stars","-8"
"148",9,"Zach Charbonnet",SEA,"RB50","11","3 out of 5","4 out of 5","4 out of 5 stars","-4"
"149",9,"Cam Ward",TEN,"QB25","9","4 out of 5","4 out of 5","3 out of 5 stars","+64"
"150",9,"Josh Jacobs",GB,"RB51","11","2 out of 5","5 out of 5","4 out of 5 stars","-86"
"151",9,"Brenton Strange",JAC,"TE17","7","4 out of 5","3 out of 5","3 out of 5 stars","+8"
"152",9,"Tre Tucker",LV,"WR59","13","4 out of 5","2 out of 5","2 out of 5 stars","+21"
"153",9,"Dalton Schultz",HOU,"TE18","8","4 out of 5","2 out of 5","4 out of 5 stars","+22"
"154",9,"Houston Texans",HOU,"DST1","8","-","-","2 out of 5 stars","-52"
"155",9,"Chig Okonkwo",WAS,"TE19","7","4 out of 5","3 out of 5","1 out of 5 stars","+44"
"156",9,"Hunter Henry",NE,"TE20","11","2 out of 5","4 out of 5","4 out of 5 stars","0"
"157",9,"Alvin Kamara",NO,"RB52","8","2 out of 5","4 out of 5","3 out of 5 stars","+1"
"158",9,"Adonai Mitchell",NYJ,"WR60","13","4 out of 5","4 out of 5","4 out of 5 stars","+76"
"159",9,"Bryce Young",CAR,"QB26","5","3 out of 5","4 out of 5","2 out of 5 stars","+52"
"160",9,"Tank Bigsby",PHI,"RB53","10","4 out of 5","2 out of 5","4 out of 5 stars","+9"
"161",9,"Kayshon Boutte",HOU,"WR61","8","2 out of 5","4 out of 5","3 out of 5 stars","+35"
"162",10,"Jerry Jeudy",CLE,"WR62","11","1 out of 5","5 out of 5","3 out of 5 stars","+19"
"163",10,"Tyrone Tracy Jr.",NYG,"RB54","8","1 out of 5","4 out of 5","4 out of 5 stars","+29"
"164",10,"Denver Broncos",DEN,"DST2","10","-","-","4 out of 5 stars","-48"
"165",10,"Jalen McMillan",TB,"WR63","10","4 out of 5","3 out of 5","4 out of 5 stars","+41"
"166",10,"Los Angeles Rams",LAR,"DST3","11","-","-","2 out of 5 stars","-56"
"167",10,"Braelon Allen",NYJ,"RB55","13","1 out of 5","4 out of 5","3 out of 5 stars","+31"
"168",10,"Seattle Seahawks",SEA,"DST4","11","-","-","2 out of 5 stars","-44"
"169",10,"Jauan Jennings",MIN,"WR64","6","2 out of 5","4 out of 5","5 out of 5 stars","+36"
"170",10,"Tre' Harris",LAC,"WR65","7","4 out of 5","2 out of 5","2 out of 5 stars","+67"
"171",10,"Omar Cooper Jr.",NYJ,"WR66","13","3 out of 5","4 out of 5","4 out of 5 stars","+56"
"172",10,"Emmett Johnson",KC,"RB56","5","4 out of 5","4 out of 5","3 out of 5 stars","+13"
"173",10,"Brian Robinson Jr.",ATL,"RB57","11","2 out of 5","4 out of 5","2 out of 5 stars","-7"
"174",10,"Dontayvion Wicks",PHI,"WR67","10","4 out of 5","4 out of 5","4 out of 5 stars","+82"
"175",10,"Pat Bryant",DEN,"WR68","10","3 out of 5","3 out of 5","2 out of 5 stars","+105"
"176",10,"Philadelphia Eagles",PHI,"DST5","10","-","-","0 out of 5 stars","-36"
"177",10,"Ryan Flournoy",DAL,"WR69","14","4 out of 5","4 out of 5","2 out of 5 stars","+55"
"178",10,"T.J. Hockenson",MIN,"TE21","6","3 out of 5","4 out of 5","4 out of 5 stars","-13"
"179",10,"Malik Washington",MIA,"WR70","6","2 out of 5","4 out of 5","3 out of 5 stars","+46"
"180",10,"Brandon Aubrey",DAL,"K1","14","4 out of 5","1 out of 5","2 out of 5 stars","-83"
"181",10,"Minnesota Vikings",MIN,"DST6","6","-","-","1 out of 5 stars","-20"
"182",10,"Pittsburgh Steelers",PIT,"DST7","9","-","-","5 out of 5 stars","-31"
"183",10,"Ray Davis",BUF,"RB58","7","-","-","2 out of 5 stars","+46"
"184",10,"Keenan Allen",IND,"WR71","13","3 out of 5","4 out of 5","4 out of 5 stars","-21"
"185",10,"New England Patriots",NE,"DST8","11","-","-","3 out of 5 stars","-32"
"186",10,"Jalen Nailor",LV,"WR72","13","-","-","2 out of 5 stars","+16"
"187",10,"Jacksonville Jaguars",JAC,"DST9","7","-","-","3 out of 5 stars","-20"
"188",10,"Jacoby Brissett",ARI,"QB27","14","3 out of 5","4 out of 5","2 out of 5 stars","+34"
"189",10,"Isiah Pacheco",DET,"RB59","6","3 out of 5","4 out of 5","5 out of 5 stars","-32"
"190",10,"Ka'imi Fairbairn",HOU,"K2","8","5 out of 5","1 out of 5","2 out of 5 stars","-58"
"191",10,"Cameron Dicker",LAC,"K3","7","5 out of 5","1 out of 5","2 out of 5 stars","-58"
"192",10,"Travis Hunter",JAC,"WR73","7","2 out of 5","4 out of 5","4 out of 5 stars","+29"
"193",10,"Los Angeles Chargers",LAC,"DST10","7","-","-","3 out of 5 stars","-19"
"194",10,"Baltimore Ravens",BAL,"DST11","13","-","-","5 out of 5 stars","-39"
"195",10,"Kimani Vidal",LAC,"RB60","7","1 out of 5","4 out of 5","3 out of 5 stars","+48"
"196",10,"Terrance Ferguson",LAR,"TE22","11","4 out of 5","4 out of 5","4 out of 5 stars","+4"
"197",10,"Jaylin Noel",HOU,"WR74","8","4 out of 5","3 out of 5","3 out of 5 stars","+80"
"198",10,"Cam Little",JAC,"K4","7","-","-","4 out of 5 stars","-48"
"199",10,"Jason Myers",SEA,"K5","11","4 out of 5","1 out of 5","4 out of 5 stars","-63"
"200",10,"AJ Barner",SEA,"TE23","11","4 out of 5","3 out of 5","3 out of 5 stars","+9"
"201",10,"Calvin Ridley",TEN,"WR75","9","2 out of 5","4 out of 5","3 out of 5 stars","-8"
"202",11,"Aaron Rodgers",PIT,"QB28","9","1 out of 5","4 out of 5","2 out of 5 stars","+37"
"203",11,"Eddy Pineiro",SF,"K6","8","4 out of 5","2 out of 5","5 out of 5 stars","-23"
"204",11,"Sean Tucker",TB,"RB61","10","3 out of 5","4 out of 5","2 out of 5 stars","+44"
"205",11,"Gunnar Helm",TEN,"TE24","9","3 out of 5","3 out of 5","3 out of 5 stars","+73"
"206",11,"Green Bay Packers",GB,"DST12","11","-","-","2 out of 5 stars","-16"
"207",11,"Kansas City Chiefs",KC,"DST13","5","-","-","3 out of 5 stars","-16"
"208",11,"Ja'Kobi Lane",BAL,"WR76","13","4 out of 5","4 out of 5","4 out of 5 stars","-32"
"209",11,"Tyler Loop",BAL,"K7","13","-","-","3 out of 5 stars","-26"
"210",11,"Kenyon Sadiq",NYJ,"TE25","13","3 out of 5","4 out of 5","4 out of 5 stars","-40"
"211",11,"Oronde Gadsden II",LAC,"TE26","7","3 out of 5","4 out of 5","4 out of 5 stars","+13"
"212",11,"Nicholas Singleton",TEN,"RB62","9","3 out of 5","4 out of 5","3 out of 5 stars","+28"
"213",11,"Geno Smith",NYJ,"QB29","13","2 out of 5","4 out of 5","4 out of 5 stars","+167"
"214",11,"Jake Bates",DET,"K8","6","4 out of 5","2 out of 5","5 out of 5 stars","-52"
"215",11,"Isaac TeSlaa",DET,"WR77","6","3 out of 5","4 out of 5","4 out of 5 stars","+53"
"216",11,"Rashod Bateman",BAL,"WR78","13","2 out of 5","4 out of 5","4 out of 5 stars","+65"
"217",11,"Cooper Kupp",SEA,"WR79","11","2 out of 5","4 out of 5","3 out of 5 stars","-7"
"218",11,"Cairo Santos",CHI,"K9","10","4 out of 5","3 out of 5","0 out of 5 stars","-24"
"219",11,"Evan McPherson",CIN,"K10","6","4 out of 5","2 out of 5","2 out of 5 stars","-33"
"220",11,"James Conner",ARI,"RB63","14","3 out of 5","4 out of 5","2 out of 5 stars","+53"
"221",11,"Kaelon Black",SF,"RB64","8","4 out of 5","4 out of 5","2 out of 5 stars","-24"
"222",11,"Pat Freiermuth",PIT,"TE27","9","3 out of 5","4 out of 5","2 out of 5 stars","-3"
"223",11,"Chris Bell",MIA,"WR80","6","3 out of 5","4 out of 5","3 out of 5 stars","+22"
"224",11,"Malachi Fields",NYG,"WR81","8","4 out of 5","4 out of 5","4 out of 5 stars","+7"
"225",11,"Detroit Lions",DET,"DST14","6","-","-","5 out of 5 stars","-43"
"226",11,"Troy Franklin",DEN,"WR82","10","1 out of 5","4 out of 5","2 out of 5 stars","+65"
"227",11,"Darnell Mooney",NYG,"WR83","8","3 out of 5","4 out of 5","4 out of 5 stars","+74"
"228",11,"Zachariah Branch",ATL,"WR84","11","3 out of 5","4 out of 5","3 out of 5 stars","+35"
"229",11,"Harrison Mevis",LAR,"K11","11","4 out of 5","2 out of 5","2 out of 5 stars","-65"
"230",11,"Andy Borregales",NE,"K12","11","-","-","1 out of 5 stars","-14"
"231",11,"Tank Dell",HOU,"WR85","8","4 out of 5","4 out of 5","3 out of 5 stars","-28"
"232",11,"Germie Bernard",PIT,"WR86","9","2 out of 5","4 out of 5","3 out of 5 stars","+51"
"233",11,"Chase McLaughlin",TB,"K13","10","4 out of 5","2 out of 5","3 out of 5 stars","-15"
"234",11,"Caleb Douglas",MIA,"WR87","6","3 out of 5","3 out of 5","3 out of 5 stars","-1"
"235",11,"Kaytron Allen",WAS,"RB65","7","3 out of 5","4 out of 5","4 out of 5 stars","+12"
"236",11,"Buffalo Bills",BUF,"DST15","7","-","-","3 out of 5 stars","-47"
"237",11,"Cade Otton",TB,"TE28","10","2 out of 5","4 out of 5","2 out of 5 stars","+4"
"238",11,"Jaylen Wright",MIA,"RB66","6","-","-","3 out of 5 stars","+15"
"239",11,"Cleveland Browns",CLE,"DST16","11","-","-","5 out of 5 stars","-38"
"240",11,"Najee Harris",NYG,"RB67","8","2 out of 5","4 out of 5","4 out of 5 stars","+2"
"241",11,"Malik Davis",DAL,"RB68","14","-","-","4 out of 5 stars","+29"
"242",11,"Justice Hill",BAL,"RB69","13","-","-","3 out of 5 stars","-16"
"243",11,"Antonio Williams",WAS,"WR88","7","4 out of 5","2 out of 5","2 out of 5 stars","+28"
"244",11,"Emanuel Wilson",SEA,"RB70","11","3 out of 5","4 out of 5","4 out of 5 stars","+63"
"245",11,"Greg Dulcich",MIA,"TE29","6","4 out of 5","4 out of 5","5 out of 5 stars","-30"
"246",11,"Ted Hurst III",TB,"WR89","10","4 out of 5","4 out of 5","4 out of 5 stars","+47"
"247",11,"George Holani",SEA,"RB71","11","3 out of 5","4 out of 5","4 out of 5 stars","+17"
"248",11,"Evan Engram",DEN,"TE30","10","-","-","4 out of 5 stars","+112"
"249",11,"Devaughn Vele",NO,"WR90","8","2 out of 5","4 out of 5","3 out of 5 stars","+3"
"250",11,"Keon Coleman",BUF,"WR91","7","2 out of 5","4 out of 5","4 out of 5 stars","+47"
"251",11,"Jack Bech",LV,"WR92","13","3 out of 5","4 out of 5","2 out of 5 stars","+48"
"252",11,"Harrison Butker",KC,"K14","5","-","-","5 out of 5 stars","-75"
"253",11,"Kaleb Johnson",GB,"RB72","11","1 out of 5","5 out of 5","4 out of 5 stars","-33"
"254",11,"David Njoku",LAC,"TE31","7","4 out of 5","4 out of 5","4 out of 5 stars","-40"
"255",11,"Chris Boswell",PIT,"K15","9","4 out of 5","2 out of 5","4 out of 5 stars","-47"
"256",11,"Chris Brooks",GB,"RB73","11","2 out of 5","4 out of 5","4 out of 5 stars","+19"
"257",11,"Fernando Mendoza",LV,"QB30","13","4 out of 5","3 out of 5","1 out of 5 stars","-27"
"258",12,"Samaje Perine",CIN,"RB74","6","2 out of 5","5 out of 5","2 out of 5 stars","+16"
"259",12,"Cyrus Allen",KC,"WR93","5","4 out of 5","4 out of 5","2 out of 5 stars","-55"
"260",12,"Chimere Dike",TEN,"WR94","9","1 out of 5","5 out of 5","3 out of 5 stars","+1"
"261",12,"Elic Ayomanor",TEN,"WR95","9","1 out of 5","5 out of 5","3 out of 5 stars","+47"
"262",12,"Demond Claiborne",MIN,"RB75","6","3 out of 5","4 out of 5","4 out of 5 stars","+50"
"263",12,"Ollie Gordon II",MIA,"RB76","6","3 out of 5","4 out of 5","3 out of 5 stars","+147"
"264",12,"Isaiah Davis",NYJ,"RB77","13","2 out of 5","4 out of 5","3 out of 5 stars","+379"
"265",12,"Colby Parkinson",LAR,"TE32","11","-","-","4 out of 5 stars","+46"
"266",12,"LeQuint Allen Jr.",JAC,"RB78","7","2 out of 5","4 out of 5","4 out of 5 stars","+155"
"267",12,"Jordan James",SF,"RB79","8","2 out of 5","4 out of 5","2 out of 5 stars","-32"
"268",12,"Tyquan Thornton",KC,"WR96","5","2 out of 5","5 out of 5","2 out of 5 stars","+152"
"269",12,"Ty Johnson",BUF,"RB80","7","-","-","2 out of 5 stars","+27"
"270",12,"Wil Lutz",DEN,"K16","10","-","-","1 out of 5 stars","-63"
"271",12,"Tory Horton",SEA,"WR97","11","3 out of 5","4 out of 5","3 out of 5 stars","+29"
"272",12,"Will Reichard",MIN,"K17","6","-","-","2 out of 5 stars","-85"
"273",12,"Seth McGowan",IND,"RB81","13","4 out of 5","4 out of 5","4 out of 5 stars","+22"
"274",12,"Elijah Sarratt",BAL,"WR98","13","3 out of 5","4 out of 5","4 out of 5 stars","+74"
"275",12,"Tua Tagovailoa",ATL,"QB31","11","2 out of 5","4 out of 5","4 out of 5 stars","+9"
"276",12,"Michael Penix Jr.",ATL,"QB32","11","2 out of 5","5 out of 5","4 out of 5 stars","+6"
"277",12,"Mason Taylor",NYJ,"TE33","13","1 out of 5","4 out of 5","4 out of 5 stars","+11"
"278",12,"Darius Slayton",NYG,"WR99","8","2 out of 5","4 out of 5","4 out of 5 stars","+211"
"279",12,"Xavier Legette",CAR,"WR100","5","2 out of 5","4 out of 5","2 out of 5 stars","+222"
"280",12,"Christian Kirk",SF,"WR101","8","2 out of 5","5 out of 5","2 out of 5 stars","-23"
"281",12,"Kendre Miller",NO,"RB82","8","2 out of 5","4 out of 5","3 out of 5 stars","+42"
"282",12,"Kirk Cousins",LV,"QB33","13","2 out of 5","4 out of 5","1 out of 5 stars","+33"
"283",12,"Marvin Mims Jr.",DEN,"WR102","10","3 out of 5","4 out of 5","2 out of 5 stars","+15"
"284",12,"DJ Giddens",IND,"RB83","13","2 out of 5","4 out of 5","4 out of 5 stars","+151"
"285",12,"Theo Johnson",NYG,"TE34","8","2 out of 5","5 out of 5","3 out of 5 stars","+39"
"286",12,"Deshaun Watson",CLE,"QB34","11","1 out of 5","5 out of 5","4 out of 5 stars","+110"
"287",12,"San Francisco 49ers",SF,"DST17","8","-","-","3 out of 5 stars","-70"
"288",12,"Kyle Williams",NE,"WR103","11","3 out of 5","4 out of 5","2 out of 5 stars","-28"
"289",12,"Shedeur Sanders",CLE,"QB35","11","3 out of 5","4 out of 5","4 out of 5 stars","-39"
"290",12,"Atlanta Falcons",ATL,"DST18","11","-","-","4 out of 5 stars","-54"
"291",12,"Eli Stowers",PHI,"TE35","10","4 out of 5","4 out of 5","4 out of 5 stars","-33"
"292",12,"Brashard Smith",KC,"RB84","5","-","-","3 out of 5 stars","+48"
"293",12,"New Orleans Saints",NO,"DST19","8","-","-","5 out of 5 stars","-44"
"294",12,"Devin Singletary",NYG,"RB85","8","1 out of 5","5 out of 5","4 out of 5 stars","-35"
"295",12,"Mack Hollins",NE,"WR104","11","-","-","2 out of 5 stars","+363"
"296",12,"Jaydon Blue",PHI,"RB86","10","3 out of 5","5 out of 5","4 out of 5 stars","-58"
"297",12,"Skyler Bell",BUF,"WR105","7","-","-","4 out of 5 stars","+23"
"298",12,"Hollywood Brown",PHI,"WR106","10","-","-","4 out of 5 stars","+38"
"299",12,"Adam Randall",BAL,"RB87","13","3 out of 5","5 out of 5","3 out of 5 stars","+365"
"300",12,"Devin Neal",FA,"RB88","-","2 out of 5","4 out of 5","-","+42"
"301",12,"Emari Demercado",DAL,"RB89","14","1 out of 5","5 out of 5","4 out of 5 stars","+75"
"302",12,"Mike Gesicki",CIN,"TE36","6","-","-","3 out of 5 stars","+65"
"303",12,"Isaiah Bond",CLE,"WR107","11","-","-","3 out of 5 stars","+342"
"304",12,"Darren Waller",CAR,"TE37","5","-","-","2 out of 5 stars","+111"
"305",12,"Indianapolis Colts",IND,"DST20","13","-","-","5 out of 5 stars","-29"
"306",12,"Brandon Aiyuk",SF,"WR108","8","2 out of 5","5 out of 5","2 out of 5 stars","-34"
"307",12,"Trevor Etienne",CAR,"RB90","5","2 out of 5","4 out of 5","1 out of 5 stars","+344"
"308",13,"Jake Tonges",SF,"TE38","8","-","-","3 out of 5 stars","-4"
"309",13,"Trey Benson",ARI,"RB91","14","1 out of 5","5 out of 5","2 out of 5 stars","+19"
"310",13,"Andrei Iosivas",CIN,"WR109","6","-","-","4 out of 5 stars","+108"
"311",13,"DeMario Douglas",NE,"WR110","11","-","-","2 out of 5 stars","+296"
"312",13,"Chicago Bears",CHI,"DST21","10","-","-","2 out of 5 stars","-117"
"313",13,"Darnell Washington",PIT,"TE39","9","-","-","2 out of 5 stars","-19"
"314",13,"Isaac Guerendo",SF,"RB92","8","-","-","2 out of 5 stars","+264"
"315",13,"Jerome Ford",WAS,"RB93","7","2 out of 5","4 out of 5","4 out of 5 stars","+221"
"316",13,"Tahj Brooks",CIN,"RB94","6","-","-","2 out of 5 stars","+195"
"317",13,"Michael Mayer",LV,"TE40","13","-","-","3 out of 5 stars","+162"
"318",13,"Tyreek Hill",FA,"WR111","-","1 out of 5","5 out of 5","-","-72"
"319",13,"Charlie Kolar",LAC,"TE41","7","-","-","4 out of 5 stars","+178"
"320",13,"Will Shipley",PHI,"RB95","10","-","-","4 out of 5 stars","+236"
"321",13,"Oscar Delp",NO,"TE42","8","4 out of 5","4 out of 5","2 out of 5 stars","+320"
"322",13,"Audric Estime",NO,"RB96","8","-","-","3 out of 5 stars","+19"
"323",13,"Jahan Dotson",ATL,"WR112","11","-","-","3 out of 5 stars","+207"
"324",13,"Charlie Smyth",NO,"K18","8","-","-","5 out of 5 stars","-18"
"325",13,"Jaleel McLaughlin",CLE,"RB97","11","-","-","3 out of 5 stars","+291"
"326",13,"Xavier Hutchinson",HOU,"WR113","8","-","-","3 out of 5 stars","+329"
"327",13,"Bryce Lance",NO,"WR114","8","-","-","3 out of 5 stars","+141"
"328",13,"Jarquez Hunter",FA,"RB98","-","-","-","-","+79"
"329",13,"Elijah Arroyo",SEA,"TE43","11","-","-","3 out of 5 stars","+26"
"330",13,"Jalen Tolbert",MIA,"WR115","6","-","-","3 out of 5 stars","+234"
"331",13,"Carson Beck",ARI,"QB36","14","-","-","2 out of 5 stars","+109"
"332",13,"Kareem Hunt",FA,"RB99","-","-","-","-","+58"
"333",13,"Dallas Cowboys",DAL,"DST22","14","-","-","1 out of 5 stars","-145"
"334",13,"Eli Raridon",NE,"TE44","11","-","-","4 out of 5 stars","+65"
"335",13,"Cole Kmet",CHI,"TE45","10","-","-","2 out of 5 stars","-43"
"336",13,"Dawson Knox",BUF,"TE46","7","-","-","3 out of 5 stars","-18"
"337",13,"Erick All Jr.",CIN,"TE47","6","-","-","3 out of 5 stars","+161"
"338",13,"Tyler Higbee",LAR,"TE48","11","-","-","4 out of 5 stars","+7"
"339",13,"Kendrick Bourne",ARI,"WR116","14","-","-","2 out of 5 stars","+320"
"340",13,"Olamide Zaccheaus",ATL,"WR117","11","-","-","3 out of 5 stars","+274"
"341",13,"Konata Mumpfield",LAR,"WR118","11","-","-","1 out of 5 stars","+43"
"342",13,"Max Klare",LAR,"TE49","11","-","-","4 out of 5 stars","+45"
"343",13,"Tez Johnson",TB,"WR119","10","-","-","4 out of 5 stars","+126"
"344",13,"J.J. McCarthy",MIN,"QB37","6","-","-","5 out of 5 stars","-93"
"345",13,"Jalen Royals",KC,"WR120","5","-","-","2 out of 5 stars","+155"
"346",13,"Bam Knight",ARI,"RB100","14","-","-","2 out of 5 stars","+119"
"347",13,"Joshua Palmer",BUF,"WR121","7","-","-","4 out of 5 stars","+2"
"348",13,"Luke McCaffrey",WAS,"WR122","7","-","-","2 out of 5 stars","-21"
"349",13,"Noah Gray",KC,"TE50","5","-","-","4 out of 5 stars","+15"
"350",13,"Brenen Thompson",LAC,"WR123","7","-","-","2 out of 5 stars","+304"
"351",13,"Tyler Bass",BUF,"K19","7","-","-","2 out of 5 stars","-123"
"352",13,"Joe Mixon",FA,"RB101","-","-","-","-","-90"
"353",13,"Mac Jones",SF,"QB38","8","-","-","1 out of 5 stars","+9"
"354",13,"Chris Brazzell II",CAR,"WR124","5","-","-","2 out of 5 stars","+321"
"355",14,"Cedric Tillman",NO,"WR125","8","-","-","3 out of 5 stars","-"
"356",14,"Roman Wilson",PIT,"WR126","9","-","-","3 out of 5 stars","+161"
"357",14,"Malik Benson",LV,"WR127","13","-","-","2 out of 5 stars","+187"
"358",14,"Jake Elliott",PHI,"K20","10","-","-","5 out of 5 stars","-114"
"359",14,"Jacob Saylors",DET,"RB102","6","-","-","5 out of 5 stars","+70"
"360",14,"Trey Smack",GB,"K21","11","-","-","4 out of 5 stars","-148"
"361",14,"New York Giants",NYG,"DST23","8","-","-","1 out of 5 stars","-138"
"362",14,"Ja'Tavion Sanders",CAR,"TE51","5","-","-","2 out of 5 stars","-12"
"363",14,"Treylon Burks",WAS,"WR128","7","-","-","2 out of 5 stars","+274"
"364",14,"Eli Heidenreich",PIT,"RB103","9","-","-","2 out of 5 stars","+48"
"365",14,"Kalif Raymond",CHI,"WR129","10","-","-","3 out of 5 stars","+140"
"366",14,"Justin Fields",KC,"QB39","5","-","-","2 out of 5 stars","-29"
"367",14,"Ty Simpson",LAR,"QB40","11","-","-","3 out of 5 stars","-100"
"368",14,"Carolina Panthers",CAR,"DST24","5","-","-","3 out of 5 stars","-114"
"369",14,"Zavion Thomas",CHI,"WR130","10","-","-","3 out of 5 stars","-52"
"370",14,"Roschon Johnson",CHI,"RB104","10","-","-","2 out of 5 stars","+190"
"371",14,"Tampa Bay Buccaneers",TB,"DST25","10","-","-","4 out of 5 stars","-86"
"372",14,"Kevin Coleman Jr.",MIA,"WR131","6","-","-","3 out of 5 stars","+296"
"373",14,"Anthony Richardson Sr.",IND,"QB41","13","-","-","4 out of 5 stars","+53"
"374",14,"Savion Williams",GB,"WR132","11","-","-","5 out of 5 stars","+276"
"375",14,"Michael Carter",TEN,"RB105","9","-","-","3 out of 5 stars","+194"
"376",14,"Odell Beckham Jr.",NYG,"WR133","8","-","-","4 out of 5 stars","-90"
"377",14,"Kyle Juszczyk",SF,"RB106","8","-","-","2 out of 5 stars","+40"
"378",14,"Raheim Sanders",CLE,"RB107","11","-","-","3 out of 5 stars","+256"
"379",14,"Demarcus Robinson",SF,"WR134","8","-","-","2 out of 5 stars","+99"
"380",14,"Noah Fant",NO,"TE52","8","-","-","2 out of 5 stars","+86"
"381",14,"KaVontae Turpin",DAL,"WR135","14","-","-","2 out of 5 stars","-28"
"382",14,"Dont'e Thornton Jr.",LV,"WR136","13","-","-","2 out of 5 stars","+223"
"383",14,"Colbie Young",CIN,"WR137","6","-","-","4 out of 5 stars","-37"
"384",14,"Joe Flacco",CIN,"QB42","6","-","-","3 out of 5 stars","-50"
"385",14,"Tutu Atwell",LAR,"WR138","11","-","-","1 out of 5 stars","+240"
"386",14,"Sione Vaki",DET,"RB108","6","-","-","5 out of 5 stars","+71"
"387",14,"John Metchie III",CAR,"WR139","5","-","-","2 out of 5 stars","+252"
"388",14,"Rasheen Ali",BAL,"RB109","13","-","-","3 out of 5 stars","-"
"389",14,"Daniel Carlson",NO,"K22","8","-","-","5 out of 5 stars","-"
"390",14,"Jameis Winston",NYG,"QB43","8","-","-","4 out of 5 stars","-77"
"391",14,"Tennessee Titans",TEN,"DST26","9","-","-","2 out of 5 stars","-125"
"392",14,"Tommy Tremble",CAR,"TE53","5","-","-","2 out of 5 stars","-7"
"393",14,"CJ Daniels",LAR,"WR140","11","-","-","1 out of 5 stars","-35"
"394",14,"Jaylin Lane",WAS,"WR141","7","-","-","2 out of 5 stars","+202"
"395",14,"Justin Joly",FA,"TE54","-","-","-","-","+5"
"396",14,"Zane Gonzalez",FA,"K23","-","-","-","-","+95"
"397",14,"Spencer Shrader",IND,"K24","13","-","-","4 out of 5 stars","-67"
"398",14,"J'Mari Taylor",JAC,"RB110","7","-","-","4 out of 5 stars","-"
"399",14,"Cincinnati Bengals",CIN,"DST27","6","-","-","4 out of 5 stars","-144"
"400",14,"Jawhar Jordan",HOU,"RB111","8","-","-","4 out of 5 stars","+253"
"401",14,"Ben Sinnott",WAS,"TE55","7","-","-","1 out of 5 stars","+255"
"402",14,"Nick Folk",ATL,"K25","11","-","-","0 out of 5 stars","-133"
"403",14,"Marcus Mariota",WAS,"QB44","7","-","-","2 out of 5 stars","+118"
"404",14,"Ashton Dulin",IND,"WR142","13","-","-","4 out of 5 stars","-2"
"405",14,"Blake Grupe",NYJ,"K26","13","-","-","2 out of 5 stars","-91"
"406",14,"Cade Klubnik",NYJ,"QB45","13","-","-","4 out of 5 stars","+100"
"407",14,"Barion Brown",NO,"WR143","8","-","-","3 out of 5 stars","-44"
"408",14,"Daniel Bellinger",TEN,"TE56","9","-","-","3 out of 5 stars","+191"
"409",14,"Mitchell Evans",CAR,"TE57","5","-","-","2 out of 5 stars","+44"
"410",14,"Ryan Fitzgerald",CAR,"K27","5","-","-","0 out of 5 stars","-77"
"411",14,"Luke Musgrave",GB,"TE58","11","-","-","2 out of 5 stars","+109"
"412",14,"Devontez Walker",BAL,"WR144","13","-","-","4 out of 5 stars","-107"
"413",14,"Nick Westbrook-Ikhine",FA,"WR145","-","-","-","-","+249"
"414",14,"Joey Slye",TEN,"K28","9","-","-","4 out of 5 stars","-93"
"415",14,"Jordan Whittington",LAR,"WR146","11","-","-","1 out of 5 stars","-49"
"416",14,"Washington Commanders",WAS,"DST28","7","-","-","2 out of 5 stars","-137"
"417",14,"Las Vegas Raiders",LV,"DST29","13","-","-","4 out of 5 stars","-152"
"418",15,"Isaiah Williams",NYJ,"WR147","13","-","-","4 out of 5 stars","+234"
"419",15,"Corey Kiner",NE,"RB112","11","-","-","2 out of 5 stars","-"
"420",15,"Jam Miller",FA,"RB113","-","-","-","-","+156"
"421",15,"Elijah Higgins",ARI,"TE59","14","-","-","2 out of 5 stars","-49"
"422",15,"Chad Ryland",ARI,"K29","14","-","-","2 out of 5 stars","-112"
"423",15,"Khalil Herbert",FA,"RB114","-","-","-","-","-"
"424",15,"Dylan Laube",LV,"RB115","13","-","-","2 out of 5 stars","-"
"425",15,"Ben Sauls",FA,"K30","-","-","-","-","-109"
"426",15,"Phil Mafah",FA,"RB116","-","-","-","-","-"
"427",15,"Jonnu Smith",GB,"TE60","11","-","-","2 out of 5 stars","-26"
"428",15,"Brandon McManus",FA,"K31","-","-","-","-","-35"
"429",15,"Jeremy McNichols",WAS,"RB117","7","-","-","4 out of 5 stars","-"
"430",15,"Antonio Williams",FA,"RB118","-","-","-","-","-"
"431",15,"Austin Ekeler",FA,"RB119","-","-","-","-","+28"
"432",15,"Austin Hooper",ATL,"TE61","11","-","-","3 out of 5 stars","+64"
"433",15,"Miami Dolphins",MIA,"DST30","6","-","-","3 out of 5 stars","-143"
"434",15,"Tyler Goodson",ATL,"RB120","11","-","-","2 out of 5 stars","-"
"435",15,"Dohnte Meyers",CIN,"WR148","6","-","-","4 out of 5 stars","-97"
"436",15,"Matt Hibner",BAL,"TE62","13","-","-","4 out of 5 stars","-"
"437",15,"Hunter Luepke",DAL,"RB121","14","-","-","4 out of 5 stars","+81"
"438",15,"John Bates",WAS,"TE63","7","-","-","1 out of 5 stars","+211"
"439",15,"Ronnie Rivers",LAR,"RB122","11","-","-","5 out of 5 stars","+118"
"440",15,"Dameon Pierce",PHI,"RB123","10","-","-","4 out of 5 stars","-"
"441",15,"Marlin Klein",HOU,"TE64","8","-","-","4 out of 5 stars","+107"
"442",15,"Tai Felton",MIN,"WR149","6","-","-","5 out of 5 stars","+236"
"443",15,"New York Jets",NYJ,"DST31","13","-","-","4 out of 5 stars","-68"
"444",15,"Joe Milton III",DAL,"QB46","14","-","-","2 out of 5 stars","-35"
"445",15,"Greg Dortch",BUF,"WR150","7","-","-","4 out of 5 stars","+225"
"446",15,"Drew Stevens",WAS,"K32","7","-","-","5 out of 5 stars","-137"
"447",15,"Zavier Scott",CHI,"RB124","10","-","-","2 out of 5 stars","-"
"448",15,"Terrell Jennings",FA,"RB125","-","-","-","-","-"
"449",15,"Dyami Brown",WAS,"WR151","7","-","-","2 out of 5 stars","+58"
"450",15,"Deion Burks",IND,"WR152","13","-","-","4 out of 5 stars","+65"
"451",15,"AJ Dillon",CAR,"RB126","5","-","-","1 out of 5 stars","-53"
"452",15,"Ameer Abdullah",JAC,"RB127","7","-","-","4 out of 5 stars","-"
"453",15,"Marquez Valdes-Scantling",FA,"WR153","-","-","-","-","+137"
"454",15,"Josh Williams",TB,"RB128","10","-","-","2 out of 5 stars","-76"
"455",15,"Jacob Cowing",SF,"WR154","8","-","-","2 out of 5 stars","+219"
"456",15,"Arizona Cardinals",ARI,"DST32","14","-","-","2 out of 5 stars","-154"
"457",15,"Jahdae Walker",CHI,"WR155","10","-","-","3 out of 5 stars","-18"
"458",15,"Jalen Reagor",FA,"WR156","-","-","-","-","-"
"459",15,"Tommy Myers",FA,"TE65","-","-","-","-","-"
"460",15,"Chris Blair",ATL,"WR157","11","-","-","3 out of 5 stars","-"
"461",15,"Antonio Gibson",FA,"RB129","-","-","-","-","+148"
"462",15,"Dominic Zvada",NYG,"K33","8","-","-","2 out of 5 stars","-101"
"463",15,"Tyler Badie",DEN,"RB130","10","-","-","2 out of 5 stars","-"
"464",15,"Max Bredeson",MIN,"RB131","6","-","-","4 out of 5 stars","+182"
"465",15,"Reggie Gilliam",NE,"RB132","11","-","-","2 out of 5 stars","+81"
"466",15,"Tanner Koziol",JAC,"TE66","7","-","-","3 out of 5 stars","+107"
"467",15,"Elijah Moore",PHI,"WR158","10","-","-","4 out of 5 stars","+45"
"468",15,"Jordan Watkins",SF,"WR159","8","-","-","2 out of 5 stars","-"
"469",15,"Kene Nwangwu",NYJ,"RB133","13","-","-","3 out of 5 stars","-"
"470",15,"Jaydn Ott",KC,"RB134","5","-","-","3 out of 5 stars","-"
"471",15,"Xavier Restrepo",TEN,"WR160","9","-","-","3 out of 5 stars","-"
"472",15,"Riley Leonard",IND,"QB47","13","-","-","4 out of 5 stars","+156"
"473",15,"Damien Martinez",FA,"RB135","-","-","-","-","-"
"474",15,"Kalel Mullings",TEN,"RB136","9","-","-","3 out of 5 stars","-"
"475",15,"Jackson Hawes",BUF,"TE67","7","-","-","3 out of 5 stars","-51"
"476",15,"Adam Trautman",DEN,"TE68","10","-","-","4 out of 5 stars","-57"
"477",15,"Miles Sanders",FA,"RB137","-","-","-","-","-"
"478",15,"Gardner Minshew II",ARI,"QB48","14","-","-","2 out of 5 stars","-48"
"479",15,"Isaiah Williams",FA,"WR161","-","-","-","-","-"
"480",15,"Taylen Green",CLE,"QB49","11","-","-","4 out of 5 stars","-"
"481",15,"Julius Chestnut",TEN,"RB138","9","-","-","3 out of 5 stars","-"
"482",15,"Xavier Smith",LAR,"WR162","11","-","-","1 out of 5 stars","-9"
"483",15,"Theo Wease Jr.",LAC,"WR163","7","-","-","2 out of 5 stars","-"
"484",15,"Zach Ertz",FA,"TE69","-","-","-","-","+113"
"485",15,"Josh Oliver",MIN,"TE70","6","-","-","4 out of 5 stars","-120"
"486",15,"Jason Sanders",FA,"K34","-","-","-","-","-183"
"487",15,"Jake Browning",FA,"QB50","-","-","-","-","+46"
"488",15,"Tyson Bagent",CHI,"QB51","10","-","-","3 out of 5 stars","+15"
"489",15,"Brandin Cooks",FA,"WR164","-","-","-","-","-"
"490",15,"Scotty Miller",CHI,"WR165","10","-","-","3 out of 5 stars","-"
"491",15,"Josh Cameron",JAC,"WR166","7","-","-","4 out of 5 stars","-69"
"492",15,"Patrick Ricard",NYG,"RB139","8","-","-","4 out of 5 stars","+55"
"493",15,"Reggie Virgil",ARI,"WR167","14","-","-","2 out of 5 stars","+197"
"494",15,"Drew Allar",PIT,"QB52","9","-","-","2 out of 5 stars","-165"
"495",16,"Tyrod Taylor",GB,"QB53","11","-","-","4 out of 5 stars","-156"
"496",16,"Davis Mills",HOU,"QB54","8","-","-","4 out of 5 stars","+28"
"497",16,"Nate Boerkircher",JAC,"TE71","7","-","-","3 out of 5 stars","-64"
"498",16,"Juice Wells Jr.",FA,"WR168","-","-","-","-","-"
"499",16,"Jalen Milroe",SEA,"QB55","11","-","-","4 out of 5 stars","+67"
"500",16,"Tyler Lockett",LV,"WR169","13","-","-","2 out of 5 stars","-"
"501",16,"Michael Woods II",DEN,"WR170","10","-","-","2 out of 5 stars","-"
"502",16,"Alec Ingold",LAC,"RB140","7","-","-","3 out of 5 stars","+165"
"503",16,"Quinn Ewers",JAC,"QB56","7","-","-","4 out of 5 stars","-152"
"504",16,"Luke Schoonmaker",DAL,"TE72","14","-","-","2 out of 5 stars","-134"
"505",16,"Jimmy Horn Jr.",CAR,"WR171","5","-","-","2 out of 5 stars","-78"
"506",16,"Tim Patrick",NYJ,"WR172","13","-","-","4 out of 5 stars","-"
"507",16,"Jack Strand",ATL,"QB57","11","-","-","4 out of 5 stars","-160"
"508",16,"Will Kacmarek",MIA,"TE73","6","-","-","5 out of 5 stars","+85"
"509",16,"DeAndre Hopkins",BAL,"WR173","13","-","-","4 out of 5 stars","+82"
"510",16,"Cade Stover",HOU,"TE74","8","-","-","4 out of 5 stars","+3"
"511",16,"Trey Lance",LAC,"QB58","7","-","-","2 out of 5 stars","-17"
"512",16,"Jelani Woods",NYJ,"TE75","13","-","-","4 out of 5 stars","-81"
"513",16,"Tyler Conklin",DET,"TE76","6","-","-","3 out of 5 stars","+26"
"514",16,"Sam Roush",CHI,"TE77","10","-","-","2 out of 5 stars","-141"
"515",16,"Tanner Hudson",CIN,"TE78","6","-","-","3 out of 5 stars","-"
"516",16,"Taysom Hill",FA,"TE79","-","-","-","-","-65"
"517",16,"Michael Trigg",DAL,"TE80","14","-","-","2 out of 5 stars","-191"